id	name	url	year	weight	age	min_play_time	max_play_time	min_num_players	max_num_players	best_min_num_players	best_max_num_players	avg_rating	num_ratings	num_reviews	num_fans
1	Die Macher	1/die-macher	1986	4.32	14	240	240	3	5	5	5	7.61	5418	2030	237
3	Samurai	3/samurai	1998	2.49	10	30	60	2	4	3	3	7.46	15296	3839	432
11	Bohnanza	11/bohnanza	1997	1.67	13	45	45	2	7	4	5	7.04	40583	8867	886
13	Catan	13/catan	1995	2.31	10	60	120	3	4	4	4	7.13	109712	19582	5739
41	Can't Stop	41/cant-stop	1980	1.15	9	30	30	2	4	3	3	6.86	14817	3886	293
54	Tikal	54/tikal	1999	2.79	10	90	90	2	4	4	4	7.33	18678	4305	534
118	Modern Art	118/modern-art	1992	2.3	10	45	45	3	5	4	5	7.44	18426	4710	472
150	PitchCar	150/pitchcar	1995	1.13	6	30	30	2	8	6	6	7.27	10117	2640	257
173	Formula Dé	173/formula-de	1997	1.96	10	120	120	2	10	5	5	6.99	7690	2184	257
220	High Society	220/high-society	1995	1.5	10	15	30	3	5	4	5	7.1	10428	2728	228
372	Schotten Totten	372/schotten-totten	1999	1.73	8	20	20	2	2	2	2	7.33	8919	1724	188
432	6 nimmt!	432/6-nimmt	1994	1.2	8	45	45	2	10	5	6	6.93	23505	5018	386
438	Scotland Yard	438/scotland-yard	1983	1.95	10	45	45	3	6	0	0	6.51	15243	3545	343
478	Citadels	478/citadels	2000	2.05	10	20	60	2	8	5	5	7.08	50630	10006	1652
483	Diplomacy	483/diplomacy	1959	3.35	12	360	360	2	7	7	7	7.04	12526	4334	702
545	Kaleidos	545/kaleidos	1994	1.25	10	60	60	2	12	4	4	6.71	842	203	14
568	Rage	568/rage	1983	1.46	8	45	45	2	10	6	6	6.17	1816	694	28
651	Zero Down	651/zero-down	1998	1.24	8	20	20	2	5	4	4	6.46	787	164	23
686	Dr. Jekyll & Mr. Hyde	686/dr-jekyll-mr-hyde	1997	2.36	10	60	60	3	4	4	4	6.75	474	212	8
699	HeroQuest	699/heroquest	1989	2.16	14	90	90	2	5	5	5	7.16	11754	3132	1315
811	Rummikub	811/rummikub	1977	1.74	8	60	60	2	4	4	4	6.4	14783	2953	247
822	Carcassonne	822/carcassonne	2000	1.9	7	30	45	2	5	2	2	7.42	110291	19422	6165
823	The Lord of the Rings	823/lord-rings	2000	2.57	12	60	90	2	5	4	4	6.74	14858	4410	538
833	For the People	833/people	1998	3.72	12	360	360	2	2	2	2	7.77	1576	699	210
1111	Taboo	1111/taboo	1989	1.21	12	20	20	4	10	6	6	6.29	11294	2241	149
1198	SET	1198/set	1988	1.68	6	30	30	1	20	3	4	6.49	11525	2622	223
1321	Catch the Match	1321/catch-match	1995	1.0	5	15	15	2	8	0	0	6.14	186	94	3
1382	Winner's Circle	1382/winners-circle	2001	1.61	10	45	60	2	6	5	6	6.98	5238	1787	97
1403	Turn the Tide	1403/turn-tide	1997	1.52	10	30	30	3	5	4	5	6.77	4285	1130	66
1502	Hotel Tycoon	1502/hotel-tycoon	1974	1.42	8	60	60	2	4	4	4	5.49	3317	819	94
1662	Napoléon: The Waterloo Campaign, 1815	1662/napoleon-waterloo-campaign-1815	1974	2.48	12	120	120	2	3	2	3	7.36	1296	746	96
1927	Munchkin	1927/munchkin	2001	1.8	10	60	120	3	6	4	4	5.89	44232	8326	2078
2266	Gobblet	2266/gobblet	2000	1.85	7	20	20	2	2	2	2	6.6	1744	579	48
2346	DVONN	2346/dvonn	2001	2.66	9	30	30	2	2	2	2	7.45	4668	1417	168
2379	Guesstures	2379/guesstures	1990	1.18	8	10	10	4	99	6	6	5.91	1584	485	10
2381	Scattergories	2381/scattergories	1988	1.37	12	30	30	2	6	4	6	6.22	9194	1924	133
2452	Jenga	2452/jenga	1983	1.11	6	20	20	1	8	4	4	5.62	12892	2632	137
2651	Power Grid	2651/power-grid	2004	3.27	12	120	120	2	6	4	5	7.84	59184	10692	3164
2653	Survive: Escape from Atlantis!	2653/survive-escape-atlantis	1982	1.7	8	45	60	2	4	4	4	7.31	22419	4702	858
2719	Connect Four	2719/connect-four	1974	1.2	6	10	10	2	2	2	2	4.89	7596	1956	66
2767	Snail's Pace Race	2767/snails-pace-race	1985	1.01	3	10	10	2	6	3	3	5.13	657	362	10
2921	The Game of Life	2921/game-of-life	1960	1.17	8	60	60	2	6	4	4	4.31	11492	2868	227
2944	Halli Galli	2944/halli-galli	1990	1.02	6	10	10	2	6	4	5	5.78	2681	645	22
2955	Mexica	2955/mexica	2002	2.7	10	90	90	2	4	4	4	7.23	5333	1521	145
3076	Puerto Rico	3076/puerto-rico	2002	3.28	12	90	150	3	5	4	4	7.96	65965	12297	3851
3337	Double Down	3337/double-down	1993	1.06	8	30	30	2	8	5	5	5.62	621	139	3
3685	Hammer of the Scots	3685/hammer-scots	2002	2.98	12	120	180	2	2	2	2	7.55	3964	1567	216
3955	BANG!	3955/bang	2002	1.63	10	20	40	4	7	7	7	6.51	28172	6042	845
4209	Monza	4209/monza	2000	1.06	5	10	10	2	6	4	4	6.6	2078	616	48
4324	Risk: The Lord of the Rings	4324/risk-lord-rings	2002	2.28	9	120	120	2	4	4	4	5.91	4559	1146	90
4390	Carcassonne: Hunters and Gatherers	4390/carcassonne-hunters-and-gatherers	2002	1.92	8	35	35	2	5	2	3	7.12	11879	3231	246
5588	Perfection	5588/perfection	1973	1.05	4	6	6	1	99	1	1	4.35	1153	363	9
5641	Nightmare	5641/nightmare	1991	1.79	12	60	60	3	6	4	4	5.89	957	315	67
5770	Orchard	5770/orchard	1986	1.04	3	10	10	2	8	3	4	6.35	957	344	16
5782	Coloretto	5782/coloretto	2003	1.28	8	30	30	2	5	4	4	6.97	18993	4654	295
5867	10 Days in Europe	5867/10-days-europe	2002	1.34	10	20	30	2	4	2	2	6.6	1962	682	31
6249	Alhambra	6249/alhambra	2003	2.1	8	45	60	2	6	3	3	7.03	30500	6652	716
6424	Pick Up Sticks	6424/pick-sticks	1850	1.04	4	10	30	2	6	3	3	4.29	2430	622	15
6931	Katamino	6931/katamino	1992	1.8	8	10	10	1	2	1	1	6.43	915	225	21
8098	Jungle Speed	8098/jungle-speed	1997	1.14	7	10	10	2	8	5	6	6.5	12074	2320	227
8172	Coyote	8172/coyote	2003	1.2	10	20	30	3	6	5	6	6.63	1530	347	24
8924	Dancing Eggs	8924/dancing-eggs	2003	1.05	5	10	10	2	4	4	4	6.36	2271	749	31
9220	Saboteur	9220/saboteur	2004	1.32	8	30	30	3	10	7	8	6.56	27990	4947	667
9441	Ribbit	9441/ribbit	2004	1.09	5	20	20	2	5	3	4	6.78	2386	522	52
10206	Make 'nBreak	10206/make-n-break	2004	1.26	8	30	30	2	4	0	0	6.04	1144	361	12
10547	Betrayal at House on the Hill	10547/betrayal-house-hill	2004	2.38	12	60	60	3	6	5	6	7.05	40258	8419	2586
11825	Empire of the Sun	11825/empire-sun	2005	4.31	12	360	360	1	2	2	2	8.23	1602	776	370
12333	Twilight Struggle	12333/twilight-struggle	2005	3.6	13	120	180	2	2	2	2	8.28	43497	9249	4338
12589	Razzia!	12589/razzia	2004	1.96	12	45	45	2	5	3	4	6.84	1897	608	28
12616	Zingo!	12616/zingo	2002	1.03	4	5	5	2	8	4	5	5.33	459	160	3
12942	No Thanks!	12942/no-thanks	2004	1.14	8	20	20	3	7	4	5	7.06	22321	5205	385
13230	Gobblet Gobblers	13230/gobblet-gobblers	2003	1.32	5	5	5	2	2	2	2	6.28	805	301	14
13328	Chromino	13328/chromino	2001	1.24	7	30	30	1	8	3	4	5.82	491	100	11
14105	Commands & Colors: Ancients	14105/commands-colors-ancients	2006	2.69	12	60	60	2	2	2	2	7.77	8211	2692	780
14996	Ticket to Ride: Europe	14996/ticket-ride-europe	2005	1.93	8	30	60	2	5	4	4	7.54	64475	9328	2313
15512	Diamant	15512/diamant	2005	1.11	8	30	30	3	8	6	8	6.82	18357	5489	197
15817	Manila	15817/manila	2005	2.03	10	60	60	3	5	4	4	6.98	5715	1461	149
15818	Pickomino	15818/pickomino	2005	1.15	8	20	20	2	7	3	4	6.57	9616	2258	132
15878	Rummy	15878/rummy	1887	1.41	8	60	60	2	6	4	4	5.81	1595	442	34
15987	Arkham Horror	15987/arkham-horror	2005	3.58	14	120	240	1	8	4	4	7.25	37756	8643	5031
16986	Ubongo	16986/ubongo	2003	1.52	8	25	25	1	4	4	4	6.7	8376	1665	104
17025	Friday the 13th	17025/friday-13th	2005	1.19	8	30	30	3	6	4	5	6.45	3873	1308	54
17027	Sitting Ducks Gallery	17027/sitting-ducks-gallery	2005	1.1	10	20	20	3	6	6	6	6.13	1811	441	27
17329	Animal Upon Animal	17329/animal-upon-animal	2005	1.04	4	15	15	2	4	4	4	6.81	7650	2243	148
17392	Here I Stand	17392/here-i-stand	2006	4.18	12	180	360	2	6	6	6	7.91	3690	1308	500
18723	Aye, Dark Overlord! The Red Box	18723/aye-dark-overlord-red-box	2005	1.3	13	30	30	4	16	5	5	5.86	2854	723	96
18803	Black Stories	18803/black-stories	2004	1.28	12	20	20	2	15	4	6	6.02	4403	751	70
19841	Pentago	19841/pentago	2005	1.84	8	5	5	2	2	2	2	6.38	3264	810	68
20545	Rory's Story Cubes	20545/rorys-story-cubes	2005	1.12	6	20	20	1	12	2	4	6.28	3461	928	92
21050	Combat Commander: Europe	21050/combat-commander-europe	2006	3.25	12	60	180	2	2	2	2	7.94	5620	1910	856
22348	Duplik	22348/duplik	2005	1.22	12	45	45	3	10	5	6	6.98	2069	448	37
22889	Pictureka!	22889/pictureka	2006	1.12	6	30	30	2	7	4	5	5.44	1151	337	20
23658	Fiery Dragons	23658/fiery-dragons	2006	1.27	5	15	15	2	4	3	4	6.1	217	74	2
24508	Taluva	24508/taluva	2006	2.26	8	45	45	2	4	2	2	7.16	8125	2074	266
25021	Sekigahara: The Unification of Japan	25021/sekigahara-unification-japan	2011	2.79	14	180	180	2	2	2	2	8.02	4909	1335	455
25071	Munchkin Cthulhu	25071/munchkin-cthulhu	2007	1.71	10	90	90	3	6	4	5	6.21	5122	831	243
25821	The Werewolves of Miller's Hollow	25821/werewolves-millers-hollow	2001	1.32	10	30	30	8	18	11	15	6.72	10485	1952	295
26859	Kragmortha	26859/kragmortha	2007	1.41	8	30	45	2	8	5	6	5.76	1196	253	39
27225	Bananagrams	27225/bananagrams	2006	1.32	7	15	15	1	8	3	5	6.36	9601	2173	158
27627	Talisman: Revised 4th Edition	27627/talisman-revised-4th-edition	2007	2.19	13	90	90	2	6	4	4	6.52	14045	2998	1416
27710	Catan Dice Game	27710/catan-dice-game	2007	1.23	7	15	15	1	4	2	2	5.69	5654	1484	93
28023	Jamaica	28023/jamaica	2007	1.65	8	30	60	2	6	6	6	7.06	17387	3501	605
28143	Race for the Galaxy	28143/race-galaxy	2007	2.99	12	30	60	2	4	2	2	7.76	49472	10084	3506
28238	Kitty Bitty	28238/kitty-bitty	2007	1.22	4	15	15	2	6	3	3	5.68	251	127	7
29223	Marrakech	29223/marrakech	2007	1.36	6	30	30	2	4	4	4	6.68	4175	863	99
29387	Zombie Fluxx	29387/zombie-fluxx	2007	1.44	8	10	40	2	6	4	4	5.99	6341	1323	233
30549	Pandemic	30549/pandemic	2008	2.41	8	45	45	2	4	4	4	7.58	110478	17469	6823
30933	BANG! The Bullet!	30933/bang-bullet	2007	1.85	8	20	40	3	8	6	7	6.92	8182	1700	375
31260	Agricola	31260/agricola	2007	3.64	12	30	150	1	5	3	4	7.92	66690	13048	5926
34635	Stone Age	34635/stone-age	2008	2.47	10	60	90	2	4	4	4	7.55	47791	8154	2119
35677	Le Havre	35677/le-havre	2008	3.73	12	30	150	1	5	3	3	7.87	28362	5529	1639
36218	Dominion	36218/dominion	2008	2.35	13	30	30	2	4	3	3	7.61	82419	13863	6514
37400	Sushizock im Gockelwok	37400/sushizock-im-gockelwok	2008	1.24	8	20	20	2	5	4	4	6.46	2262	583	32
37836	Julius Caesar: Caesar, Pompey, and the Roman Civil War	37836/julius-caesar-caesar-pompey-and-roman-civil-war	2010	2.46	12	120	120	2	2	2	2	7.79	1523	569	187
38032	Byzanz	38032/byzanz	2008	1.62	8	45	45	3	6	0	0	6.64	1211	352	93
39683	At the Gates of Loyang	39683/gates-loyang	2009	3.13	10	60	120	1	4	2	2	7.38	10356	2684	423
39856	Dixit	39856/dixit	2008	1.21	8	30	30	3	6	5	6	7.24	55442	8671	1933
40834	Dominion: Intrigue	40834/dominion-intrigue	2009	2.42	13	30	30	2	6	3	3	7.71	31463	4301	1092
40990	Word on the Street	40990/word-street	2009	1.38	12	20	20	2	10	2	2	6.61	2403	703	44
41010	Carcassonne Junior	41010/carcassonne-junior	2009	1.13	4	10	20	2	4	4	4	6.69	3637	1016	85
41114	The Resistance	41114/resistance	2009	1.61	13	30	30	5	10	7	7	7.26	37694	6421	1574
41496	Chickyboom	41496/chickyboom	2008	1.0	4	10	10	2	4	2	2	5.78	173	80	3
41863	Axis & Allies: 1942	41863/axis-allies-1942	2009	3.15	12	240	240	2	5	5	5	6.91	2461	620	253
41916	The Magic Labyrinth	41916/magic-labyrinth	2009	1.23	6	20	30	2	4	3	4	6.82	5340	1201	134
43570	Friday	43570/friday	2011	2.15	13	25	25	1	1	1	1	7.13	18247	3906	872
43578	Monster Chase	43578/monster-chase	2009	1.02	4	10	10	1	6	3	3	6.32	978	261	24
43868	The Adventurers: The Temple of Chac	43868/adventurers-temple-chac	2009	1.66	10	45	45	2	6	4	5	6.6	4719	1497	235
54043	Jaipur	54043/jaipur	2009	1.48	12	30	30	2	2	2	2	7.5	42122	6869	1329
54307	Chronicle	54307/chronicle	2009	1.96	12	30	30	3	6	4	4	6.81	1822	510	63
56692	Parade	56692/parade	2007	1.47	12	45	45	2	6	4	4	6.98	6472	1478	160
59959	Letters from Whitechapel	59959/letters-whitechapel	2011	2.65	14	90	90	2	6	2	2	7.38	14580	2585	783
62219	Dominant Species	62219/dominant-species	2010	4.04	14	120	240	2	6	4	4	7.83	18947	4092	1295
62871	Zombie Dice	62871/zombie-dice	2010	1.1	10	10	20	2	99	4	4	6.22	16950	3371	667
63268	Spot it!	63268/spot-it	2009	1.03	7	15	15	2	8	4	5	6.6	14825	2715	216
65244	Forbidden Island	65244/forbidden-island	2010	1.74	10	30	30	2	4	4	4	6.78	45097	8594	1778
65814	Dweebies	65814/dweebies	2010	1.07	8	20	20	2	6	0	0	5.92	693	221	19
66056	Rivals for Catan	66056/rivals-catan	2010	2.32	10	45	120	2	2	2	2	6.96	6468	1297	280
66188	Fresco	66188/fresco	2010	2.64	10	60	60	2	4	4	4	7.27	12350	2532	389
66589	Navegador	66589/navegador	2010	3.09	12	60	90	2	5	4	4	7.54	8482	1723	318
67239	Catan Histories: Settlers of America – Trails to Rails	67239/catan-histories-settlers-america-trails-rails	2010	2.68	12	120	120	3	4	4	4	6.8	2316	626	78
67492	Battles of Westeros	67492/battles-westeros	2010	3.22	12	60	120	2	2	2	2	7.26	2889	812	375
68425	Eminent Domain	68425/eminent-domain	2011	2.51	10	45	45	2	4	3	3	7.02	9934	2462	554
68448	7 Wonders	68448/7-wonders	2010	2.32	10	30	30	2	7	4	5	7.73	91347	14684	5889
69789	Ascension: Deckbuilding Game	69789/ascension-deckbuilding-game	2010	2.15	13	30	30	1	4	2	2	7.03	12391	3032	863
70149	Ora et Labora	70149/ora-et-labora	2011	3.89	13	60	180	1	4	3	3	7.7	10201	1924	514
70512	Luna	70512/luna	2010	3.33	12	60	100	1	4	4	4	7.31	4747	1184	186
72287	Mr. Jack Pocket	72287/mr-jack-pocket	2010	1.83	14	15	15	2	2	2	2	6.88	8063	1597	189
73439	Troyes	73439/troyes	2010	3.46	12	90	90	1	4	3	3	7.75	20493	3877	1099
77423	The Lord of the Rings: The Card Game	77423/lord-rings-card-game	2011	3.19	13	30	60	1	2	2	2	7.66	22164	4521	3397
80771	Dungeon Raiders	80771/dungeon-raiders	2011	1.41	8	20	60	3	5	5	5	6.68	1945	369	92
83195	Ghost Blitz	83195/ghost-blitz	2010	1.15	8	20	20	2	8	4	5	6.71	7632	1414	134
83330	Mansions of Madness	83330/mansions-madness	2011	3.24	13	120	180	2	5	5	5	7.28	13122	2390	1705
84732	Kariba	84732/kariba	2010	1.1	6	15	15	2	4	2	2	6.97	905	161	41
84876	The Castles of Burgundy	84876/castles-burgundy	2011	3.0	12	30	90	2	4	2	2	8.13	51498	8375	2751
84889	Cave Evil	84889/cave-evil	2011	3.49	16	180	180	2	4	3	3	7.94	428	207	183
86955	Munchkin Zombies	86955/munchkin-zombies	2011	1.94	10	90	90	3	6	4	5	6.21	3307	541	152
87890	Prêt-à-Porter	87890/pret-porter	2010	3.59	10	90	90	2	4	4	4	7.38	3985	993	245
89415	Rory's Story Cubes: Actions	89415/rorys-story-cubes-actions	2007	1.19	6	20	20	1	12	3	4	6.41	995	269	27
91514	Rhino Hero	91514/rhino-hero	2011	1.02	5	5	15	2	5	3	3	6.94	9346	1797	165
91534	Struggle for Catan	91534/struggle-catan	2011	1.66	10	30	30	2	4	4	4	6.15	2572	605	56
92828	Dixit: Odyssey	92828/dixit-odyssey	2011	1.18	8	30	30	3	12	6	6	7.44	18292	2265	455
93971	Nile DeLuxor	93971/nile-deluxor	2011	1.51	8	30	30	2	6	4	4	6.82	625	164	29
96713	Deadwood	96713/deadwood	2011	2.17	13	30	60	2	5	0	0	6.37	1896	520	58
97207	Dungeon Petz	97207/dungeon-petz	2011	3.62	13	90	90	2	4	4	4	7.44	13641	2573	582
98778	Hanabi	98778/hanabi	2010	1.69	8	25	25	2	5	4	4	7.07	42210	7061	1093
100901	Flash Point: Fire Rescue	100901/flash-point-fire-rescue	2011	2.2	10	45	45	2	6	4	4	7.19	22208	4349	1168
103091	Catan Histories: Merchants of Europe	103091/catan-histories-merchants-europe	2011	2.45	12	120	120	3	4	4	4	6.65	586	155	25
103885	Star Wars: X-Wing Miniatures Game	103885/star-wars-x-wing-miniatures-game	2012	2.49	14	30	45	2	2	2	2	7.67	23866	3929	3354
104006	Village	104006/village	2011	3.07	12	60	90	2	4	4	4	7.51	21353	3479	818
104162	Descent: Journeys in the Dark (Second Edition)	104162/descent-journeys-dark-second-edition	2012	3.21	14	120	120	1	5	5	5	7.66	23821	3968	3211
104347	Santiago de Cuba	104347/santiago-de-cuba	2011	2.16	10	40	75	2	4	2	2	6.9	4377	773	133
105134	Risk Legacy	105134/risk-legacy	2011	2.59	13	60	60	3	5	5	5	7.41	7916	1699	708
106753	Ooga Booga	106753/ooga-booga	2011	1.02	7	10	10	3	6	5	6	5.95	866	132	13
107529	Kingdom Builder	107529/kingdom-builder	2011	2.06	8	45	45	2	4	4	4	6.96	21104	4130	716
108745	Seasons	108745/seasons	2012	2.77	14	60	60	2	4	2	2	7.39	22291	3569	1082
109276	Kanban: Driver's Edition	109276/kanban-drivers-edition	2014	4.36	12	90	120	2	4	3	4	7.82	6255	1243	377
112869	Munchkin Apocalypse	112869/munchkin-apocalypse	2012	2.07	10	90	90	3	6	4	5	6.43	1449	221	61
113924	Zombicide	113924/zombicide	2012	2.54	14	60	60	1	6	3	3	7.14	17465	2765	2188
115233	Rory's Story Cubes: Voyages	115233/rorys-story-cubes-voyages	2011	1.03	8	20	20	1	12	3	3	6.57	926	241	26
117663	Piraten kapern	117663/piraten-kapern	2012	1.09	8	30	30	2	5	3	3	6.29	1653	290	26
117985	Star Trek: Catan	117985/star-trek-catan	2012	2.37	10	75	75	3	4	4	4	7.01	3418	832	237
117995	Spot it! 1,2,3	117995/spot-it-123	2012	1.04	4	15	15	2	6	4	4	6.3	762	225	6
118048	Targi	118048/targi	2012	2.35	12	60	60	2	2	2	2	7.64	17631	2984	608
118247	Lucky Numbers	118247/lucky-numbers	2012	1.1	8	20	20	2	4	3	3	6.29	1763	286	34
118410	Dirty Pig	118410/dirty-pig	2012	1.04	7	10	10	2	4	4	4	6.12	1433	287	36
118705	Ghost Blitz 2	118705/ghost-blitz-2	2012	1.19	8	30	30	2	8	5	5	6.77	1697	314	20
119890	Agricola: All Creatures Big and Small	119890/agricola-all-creatures-big-and-small	2012	2.35	13	30	30	2	2	2	2	7.36	12880	2772	464
120515	Chupacabra: Survive the Night	120515/chupacabra-survive-night	2012	1.05	8	10	20	2	4	4	4	5.5	898	250	40
120677	Terra Mystica	120677/terra-mystica	2012	3.97	12	60	150	2	5	4	4	8.12	42348	6291	3329
121073	Panic Lab	121073/panic-lab	2012	1.32	8	10	30	2	10	4	6	6.1	1695	265	21
122515	Keyflower	122515/keyflower	2012	3.34	12	90	120	2	6	4	4	7.78	20351	3612	933
123260	Suburbia	123260/suburbia	2012	2.77	8	60	90	1	4	3	3	7.5	22717	4060	956
123540	Tokaido	123540/tokaido	2012	1.75	8	45	45	2	5	4	4	6.97	22533	3807	967
123570	Strike	123570/strike	2012	1.04	8	15	15	2	5	4	4	6.86	2675	474	60
124361	Concordia	124361/concordia	2013	3.01	13	100	100	2	5	4	4	8.12	32273	5148	1548
124742	Android: Netrunner	124742/android-netrunner	2012	3.4	14	45	45	2	2	2	2	7.87	27916	5773	3994
124847	1911 Amundsen vs Scott	124847/1911-amundsen-vs-scott	2011	1.74	12	20	20	2	2	2	2	6.7	1036	231	72
125153	The Gallerist	125153/gallerist	2015	4.26	13	60	150	1	4	3	4	8.05	11378	2012	901
125311	Okiya	125311/okiya	2012	1.22	7	10	10	2	2	2	2	6.57	1892	453	60
126163	Tzolk'in: The Mayan Calendar	126163/tzolk-mayan-calendar	2012	3.67	13	90	90	2	4	4	4	7.89	33772	4989	1624
127024	Room 25	127024/room-25	2013	1.93	13	30	30	1	6	4	6	6.73	6195	923	221
128667	Samurai Sword	128667/samurai-sword	2012	1.77	8	20	40	3	7	7	7	6.67	3506	727	160
128671	Spartacus: A Game of Blood and Treachery	128671/spartacus-game-blood-and-treachery	2012	2.71	17	120	180	3	4	4	4	7.48	7733	1460	630
128882	The Resistance: Avalon	128882/resistance-avalon	2012	1.76	13	30	30	5	10	7	8	7.56	29211	4338	1215
130592	Clue	130592/clue	2012	1.53	8	40	40	2	6	0	0	5.99	1928	283	52
131260	Qwixx	131260/qwixx	2012	1.11	8	15	15	2	5	4	4	6.88	10955	1961	205
131357	Coup	131357/coup	2012	1.41	13	15	15	2	6	5	5	7.0	39393	6811	1315
131493	Secret Code 13+4	131493/secret-code-134	2012	1.22	8	15	15	2	4	3	3	6.7	259	90	8
131835	Boss Monster: The Dungeon Building Card Game	131835/boss-monster-dungeon-building-card-game	2013	1.84	13	30	30	2	4	4	4	6.28	14941	2709	735
132018	Churchill	132018/churchill	2015	3.29	14	60	300	1	3	3	3	7.67	2586	712	254
133473	Sushi Go!	133473/sushi-go	2013	1.16	8	15	15	2	5	4	4	7.04	38861	5738	921
133848	Euphoria: Build a Better Dystopia	133848/euphoria-build-better-dystopia	2013	3.12	13	60	60	2	6	4	5	7.23	9975	1996	746
135649	Tales & Games: The Three Little Pigs	135649/tales-games-three-little-pigs	2013	1.2	7	20	20	2	5	4	4	6.45	1830	449	55
139030	Mascarade	139030/mascarade	2013	1.53	10	30	30	2	13	6	8	6.6	9741	1828	296
140620	Lewis & Clark: The Expedition	140620/lewis-clark-expedition	2013	3.34	14	120	120	1	5	3	3	7.48	14063	2529	601
140934	Arboretum	140934/arboretum	2015	2.15	8	30	30	2	4	2	2	7.36	15570	3207	501
142325	Kobayakawa	142325/kobayakawa	2013	1.19	9	15	15	3	6	5	5	6.33	1919	497	54
142334	Sushi Dice	142334/sushi-dice	2014	1.09	7	20	20	2	6	2	2	5.86	840	177	20
143157	SOS Titanic	143157/sos-titanic	2013	1.64	8	30	30	1	5	1	1	6.68	1448	456	84
143519	Quantum	143519/quantum	2013	2.45	13	60	60	2	4	4	4	7.27	6935	1325	399
143693	Glass Road	143693/glass-road	2013	2.98	13	20	80	1	4	2	2	7.45	9869	2061	391
143741	BANG! The Dice Game	143741/bang-dice-game	2013	1.28	8	15	15	3	8	6	7	6.93	21504	3923	512
144797	Argent: The Consortium	144797/argent-consortium	2015	3.81	10	60	150	2	5	3	3	7.69	3547	948	491
145599	Journey: Wrath of Demons	145599/journey-wrath-demons	2015	2.71	14	30	75	1	4	4	4	6.94	281	108	300
145639	Coconuts	145639/coconuts	2013	1.04	6	20	20	2	4	4	4	7.04	4013	935	86
146021	Eldritch Horror	146021/eldritch-horror	2013	3.32	14	120	240	1	8	4	4	7.78	31917	4983	3597
146149	Quick Cups	146149/quick-cups	2013	1.04	6	15	15	2	4	4	4	6.24	1349	286	20
146439	BattleLore: Second Edition	146439/battlelore-second-edition	2013	2.7	14	45	90	2	2	2	2	7.71	5956	1296	641
146816	Sanssouci	146816/sanssouci	2013	2.1	8	30	45	2	4	0	0	7.13	1478	385	67
147020	Star Realms	147020/star-realms	2014	1.94	12	20	20	2	2	2	2	7.58	39149	6241	2192
147151	Concept	147151/concept	2013	1.39	10	40	40	4	12	6	6	6.8	17103	2636	312
147949	One Night Ultimate Werewolf	147949/one-night-ultimate-werewolf	2014	1.38	8	10	10	3	10	6	8	7.11	23593	3895	822
148228	Splendor	148228/splendor	2014	1.79	10	30	30	2	4	3	3	7.44	66067	9583	2567
148729	Maquis	148729/maquis	2013	2.18	14	30	30	1	1	1	1	7.41	2015	779	317
148943	Coup: Rebellion G54	148943/coup-rebellion-g54	2014	1.94	14	15	15	3	6	5	6	7.01	2563	704	157
150145	Skull King	150145/skull-king	2013	1.71	8	30	30	2	6	4	5	7.45	5507	917	187
150485	Cat Tower	150485/cat-tower	2015	1.04	6	15	20	2	6	4	4	5.82	938	258	41
150658	Pandemic: The Cure	150658/pandemic-cure	2014	2.06	8	30	30	2	5	3	4	7.28	9920	1805	372
152237	Pairs	152237/pairs	2014	1.15	0	15	15	2	8	5	6	6.34	2178	732	61
152470	Fief: France 1429	152470/fief-france-1429	2015	3.8	13	120	240	3	6	5	6	7.45	2075	635	383
154203	Imperial Settlers	154203/imperial-settlers	2014	2.77	10	45	90	1	4	2	2	7.37	22474	3621	1229
154458	Akrotiri	154458/akrotiri	2014	2.65	13	45	45	2	2	2	2	7.22	4011	1111	216
154825	Arkwright	154825/arkwright	2014	4.58	12	120	240	2	4	4	4	7.83	2182	619	205
154906	Isle of Trains	154906/isle-trains	2014	2.0	13	45	45	2	4	2	2	6.78	1597	410	77
155068	Arcadia Quest	155068/arcadia-quest	2014	2.53	13	60	60	2	4	4	4	7.67	9686	1786	1036
155122	1066, Tears to Many Mothers	155122/1066-tears-many-mothers	2018	2.26	12	30	60	1	2	2	2	7.12	689	282	386
155987	Abyss	155987/abyss	2014	2.34	14	30	60	2	4	4	4	7.33	11917	2142	581
156009	Port Royal	156009/port-royal	2014	1.62	8	20	50	2	5	3	4	7.13	14637	2364	401
156129	Deception: Murder in Hong Kong	156129/deception-murder-hong-kong	2014	1.59	14	20	20	4	12	6	8	7.49	18340	3139	621
156336	Onirim (Second Edition)	156336/onirim-second-edition	2014	1.58	10	15	15	1	2	1	1	7.07	9006	1824	424
156786	Munchkin Panic	156786/munchkin-panic	2014	2.1	8	45	60	1	6	3	4	6.08	781	179	37
156878	tummple!	156878/tummple	0	1.0	8	20	20	2	10	4	4	6.44	271	79	6
157354	Five Tribes	157354/five-tribes	2014	2.85	13	40	80	2	4	2	2	7.78	35289	5290	1568
157526	Viceroy	157526/viceroy	2014	2.64	13	45	60	1	4	3	3	6.81	5283	1307	302
157723	We Didn't Playtest This at All with Chaos Pack Expansion	157723/we-didnt-playtest-all-chaos-pack-expansion	2012	1.09	12	10	10	2	10	5	6	5.75	575	121	10
158899	Colt Express	158899/colt-express	2014	1.82	10	40	40	2	6	5	6	7.11	27358	4113	768
159473	Quartermaster General	159473/quartermaster-general	2014	2.29	12	90	90	2	6	6	6	7.35	2546	671	191
159508	AquaSphere	159508/aquasphere	2014	3.69	12	100	100	2	4	4	4	7.27	6863	1481	304
159566	Unicorn Glitterluck: Cloud Crystals	159566/unicorn-glitterluck-cloud-crystals	2014	1.05	3	10	10	2	4	3	4	5.94	568	159	10
159675	Fields of Arle	159675/fields-arle	2014	3.87	13	60	120	1	2	2	2	8.07	9232	1725	560
160499	King of New York	160499/king-new-york	2014	1.86	10	40	40	2	6	4	4	6.93	15120	2351	489
160561	Versailles	160561/versailles	2014	2.73	12	90	90	2	5	0	0	6.51	830	233	33
161417	Red7	161417/red7	2014	1.69	9	5	30	2	4	4	4	6.89	13850	2344	274
161527	Catan: Ancient Egypt	161527/catan-ancient-egypt	2014	2.47	10	75	75	3	4	0	0	7.28	386	99	33
161533	Lisboa	161533/lisboa	2017	4.57	12	60	120	1	4	3	3	8.2	8130	1589	791
161970	Alchemists	161970/alchemists	2014	3.91	13	120	120	2	4	4	4	7.67	19867	3050	962
162082	Deus	162082/deus	2014	2.86	14	60	90	2	4	0	0	7.3	7942	1550	279
162886	Spirit Island	162886/spirit-island	2017	4.04	13	90	120	1	4	2	2	8.36	33741	5462	3376
163412	Patchwork	163412/patchwork	2014	1.62	8	15	30	2	2	2	2	7.63	53538	6991	1528
163967	Tiny Epic Galaxies	163967/tiny-epic-galaxies	2015	2.15	14	30	45	1	5	3	3	7.36	17417	3073	1378
165722	KLASK	165722/klask	2014	1.08	8	10	10	2	2	2	2	7.64	7138	1000	207
166158	Dark Tales	166158/dark-tales	2014	1.55	14	30	30	2	4	2	2	6.59	1332	230	59
166298	Peptide: A Protein Building Game	166298/peptide-protein-building-game	2014	1.89	10	30	45	2	5	4	4	6.35	203	85	29
166384	Spyfall	166384/spyfall	2014	1.24	13	15	15	3	8	6	6	6.84	19397	3142	398
166571	Tramways	166571/tramways	2016	3.84	14	120	120	1	5	3	4	7.43	1398	380	125
167355	Nemesis	167355/nemesis	2018	3.4	12	90	180	1	5	4	5	8.38	18769	3158	2875
167791	Terraforming Mars	167791/terraforming-mars	2016	3.25	12	120	120	1	5	3	3	8.41	76391	11085	6821
168215	Saboteur: The Duel	168215/saboteur-duel	2014	1.3	8	30	30	1	2	2	2	6.03	1667	284	33
168435	Between Two Cities	168435/between-two-cities	2015	1.82	14	25	25	1	7	5	6	7.01	10143	2073	406
169426	Roll Player	169426/roll-player	2016	2.41	10	60	90	1	4	3	3	7.51	16172	2546	1034
169654	Deep Sea Adventure	169654/deep-sea-adventure	2014	1.17	8	30	30	2	6	4	5	6.96	12514	2274	387
169786	Scythe	169786/scythe	2016	3.43	14	90	115	1	5	4	4	8.22	66281	10064	6719
170561	Valeria: Card Kingdoms	170561/valeria-card-kingdoms	2016	2.0	13	30	45	1	5	3	3	7.46	4654	1000	479
171011	Favor of the Pharaoh	171011/favor-pharaoh	2015	2.0	13	45	45	2	4	2	2	6.79	2771	668	97
171233	The Big Book of Madness	171233/big-book-madness	2015	2.68	12	60	90	2	5	3	3	6.94	6132	1222	271
171623	The Voyages of Marco Polo	171623/voyages-marco-polo	2015	3.18	12	40	100	2	4	4	4	7.84	22107	3220	989
171668	The Grizzled	171668/grizzled	2015	1.95	14	30	30	2	5	4	5	7.17	13241	2482	453
172081	Burgle Bros.	172081/burgle-bros	2015	2.32	12	45	90	1	4	3	3	7.51	9348	1873	644
172225	Exploding Kittens	172225/exploding-kittens	2015	1.08	7	15	15	2	5	4	5	6.04	25599	4136	757
172242	Exploding Kittens: NSFW Deck	172242/exploding-kittens-nsfw-deck	2015	1.08	18	10	20	2	5	4	5	6.23	8570	1360	227
172507	Mmm!	172507/mmm	2015	1.33	5	15	20	1	6	0	0	6.41	544	161	15
172818	Above and Below	172818/above-and-below	2015	2.52	13	90	90	2	4	3	3	7.4	14118	2740	888
172931	Outfoxed!	172931/outfoxed	2014	1.13	5	20	20	2	4	3	4	7.19	3087	862	105
173090	The Game	173090/game	2015	1.25	8	20	20	1	5	3	3	6.71	9550	1680	199
173346	7 Wonders Duel	173346/7-wonders-duel	2015	2.23	10	30	30	2	2	2	2	8.11	71770	9771	3246
174078	Holmes: Sherlock & Mycroft	174078/holmes-sherlock-mycroft	2015	1.83	10	20	30	2	2	2	2	6.83	2383	465	101
174430	Gloomhaven	174430/gloomhaven	2017	3.87	14	60	120	1	4	3	3	8.73	49042	8729	7996
174476	10to Kill	174476/10-kill	2015	1.67	12	10	15	2	4	4	4	6.25	1284	285	83
174611	Ion: A Compound Building Game	174611/ion-compound-building-game	2015	1.35	8	20	40	2	7	4	4	6.41	456	150	44
174973	Boss Monster 2: The Next Level	174973/boss-monster-2-next-level	2015	1.84	13	20	30	2	4	2	2	6.73	3392	615	161
175095	Dawn of the Zeds (Third Edition)	175095/dawn-zeds-third-edition	2016	3.78	14	90	120	1	5	1	1	8.19	1985	516	352
175324	Fog of Love	175324/fog-love	2017	2.25	17	60	120	2	2	2	2	6.82	6284	1456	337
175636	Dragon Keepers	175636/dragon-keepers	2019	1.5	6	10	40	1	6	4	4	6.71	238	106	83
175640	Vinhos Deluxe Edition	175640/vinhos-deluxe-edition	2016	4.06	14	60	135	1	4	4	4	8.16	5071	965	432
175914	Food Chain Magnate	175914/food-chain-magnate	2015	4.2	14	120	240	2	5	3	4	8.12	15803	2777	1110
176189	Zombicide: Black Plague	176189/zombicide-black-plague	2015	2.5	14	60	180	1	6	3	3	7.66	13924	2189	1494
176334	Guns & Steel	176334/guns-steel	2015	2.41	14	45	60	2	4	3	3	6.33	957	274	40
176494	Isle of Skye: From Chieftain to King	176494/isle-skye-chieftain-king	2015	2.24	8	30	50	2	5	3	4	7.42	22325	3374	635
176734	The Manhattan Project: Energy Empire	176734/manhattan-project-energy-empire	2016	3.04	13	60	120	1	5	4	4	7.78	5263	1011	555
177478	IKI	177478/iki	2015	2.99	14	60	90	2	4	4	4	7.74	1749	452	197
177659	The Manhattan Project 2: Minutes to Midnight	177659/manhattan-project-2-minutes-midnight	2018	3.63	13	90	150	2	5	4	4	7.36	680	228	213
177736	A Feast for Odin	177736/feast-odin	2016	3.85	12	30	120	1	4	3	3	8.21	21035	3324	1342
178570	Unusual Suspects	178570/unusual-suspects	2015	1.11	13	10	30	3	18	4	6	6.42	2578	473	45
178900	Codenames	178900/codenames	2015	1.28	14	15	15	2	8	6	6	7.59	75904	9970	1960
179182	Dojo Kun	179182/dojo-kun	2015	2.67	13	60	90	1	4	4	4	6.96	1029	185	92
179803	Arcadia Quest: Inferno	179803/arcadia-quest-inferno	2017	2.39	13	60	120	2	4	4	4	7.95	2133	560	310
180020	Virus!	180020/virus	2015	1.02	8	20	20	2	6	4	4	6.75	4195	488	155
180901	Joraku	180901/joraku	2015	2.22	12	30	60	3	4	4	4	7.06	944	265	63
181304	Mysterium	181304/mysterium	2015	1.91	10	42	42	2	7	5	6	7.28	35980	5033	1265
181345	Dr. Eureka	181345/dr-eureka	2015	1.06	8	15	15	2	4	2	4	6.61	3507	776	91
181495	Alone	181495/alone	2019	3.14	14	60	120	2	4	2	2	7.57	626	193	331
181687	The Pursuit of Happiness	181687/pursuit-happiness	2015	2.47	12	60	90	1	4	3	3	7.2	4583	967	248
181960	Portal of Heroes	181960/portal-heroes	2015	1.84	10	45	45	2	5	3	3	6.79	1423	285	44
182094	BANG! The Duel	182094/bang-duel	2015	1.9	8	30	30	2	2	2	2	6.4	1072	189	23
182189	Treasure Hunter	182189/treasure-hunter	2015	1.88	8	40	40	2	6	4	4	6.77	2853	628	73
182874	Grand Austria Hotel	182874/grand-austria-hotel	2015	3.23	12	60	120	2	4	2	2	7.88	15077	2498	717
183006	Qwinto	183006/qwinto	2015	1.33	8	15	15	2	6	3	4	7.03	2917	587	70
183231	Adventure Land	183231/adventure-land	2015	1.85	10	45	45	2	4	0	0	6.91	2257	600	80
183251	Karuba	183251/karuba	2015	1.45	8	30	40	2	4	4	4	7.19	9610	1750	250
183264	Spookies	183264/spookies	2015	1.25	8	30	30	2	5	0	0	6.15	448	105	11
183394	Viticulture Essential Edition	183394/viticulture-essential-edition	2015	2.89	13	45	90	1	6	3	4	8.05	36053	4952	1807
183840	Oh My Goods!	183840/oh-my-goods	2015	2.29	10	30	30	2	4	2	2	7.0	10657	1846	311
184267	On Mars	184267/mars	2020	4.65	14	90	150	1	4	3	3	8.25	8237	1524	2121
184921	Bunny Kingdom	184921/bunny-kingdom	2017	2.28	12	40	60	2	4	4	4	7.46	9278	1555	360
185343	Anachrony	185343/anachrony	2017	4.01	15	30	120	1	4	3	3	8.11	13656	2438	2506
186279	Finska Mini	186279/finska-mini	2013	1.2	6	30	30	2	99	2	4	7.52	379	104	11
187617	Nemo's War (Second Edition)	187617/nemos-war-second-edition	2017	3.17	13	60	120	1	4	1	1	7.91	4147	1225	814
188164	B-17 Flying Fortress Leader	188164/b-17-flying-fortress-leader	2017	3.29	12	30	120	1	1	1	1	8.1	383	161	121
188866	Awkward Guests	188866/awkward-guests	2016	2.32	12	45	75	1	8	4	4	7.69	5325	1018	339
191004	My First Stone Age	191004/my-first-stone-age	2016	1.13	5	15	15	2	4	3	4	6.65	2261	531	61
191051	Outlive	191051/outlive	2017	3.01	14	40	110	2	4	4	4	7.34	3980	764	477
191189	Aeon's End	191189/aeons-end	2016	2.78	14	60	60	1	4	2	2	8.0	14433	2447	1506
191301	The Walking Dead: All Out War	191301/walking-dead-all-out-war	2016	2.8	0	30	120	1	2	2	2	7.81	715	202	184
191538	Leo	191538/leo	2016	1.19	6	30	30	2	5	5	5	6.67	1113	272	24
191597	Dale of Merchants 2	191597/dale-merchants-2	2016	2.05	10	30	30	2	4	2	3	7.33	1943	450	146
191894	Imagine	191894/imagine	2015	1.06	12	15	30	3	8	4	6	6.9	3351	476	69
191925	Bandido	191925/bandido	2016	1.12	6	10	15	1	4	0	0	6.49	3247	562	72
192153	Pandemic: Reign of Cthulhu	192153/pandemic-reign-cthulhu	2016	2.17	14	40	40	2	4	4	4	7.4	8812	1392	589
192185	Matryoshka	192185/matryoshka	2016	1.77	8	20	20	3	5	4	4	6.6	635	165	74
192291	Sushi Go Party!	192291/sushi-go-party	2016	1.31	8	20	20	2	8	4	5	7.44	26623	3694	745
192457	Cry Havoc	192457/cry-havoc	2016	3.27	10	60	120	2	4	4	4	7.17	6300	1288	377
192547	Go Cuckoo!	192547/go-cuckoo	2016	1.0	4	10	15	2	5	4	4	6.7	977	199	18
193042	Junk Art	193042/junk-art	2016	1.23	8	30	30	2	6	4	6	7.4	6177	1025	162
193214	Meeple Circus	193214/meeple-circus	2017	1.46	8	45	45	2	5	4	4	7.09	4836	760	132
193322	Master of Orion: The Board Game	193322/master-orion-board-game	2016	2.45	12	40	60	2	4	3	3	6.96	1511	377	102
193560	Escape the Room: Mystery at the Stargazer's Manor	193560/escape-room-mystery-stargazers-manor	2016	1.62	10	90	90	3	8	2	3	6.57	1714	520	20
194100	Costa Rica	194100/costa-rica	2016	1.41	8	30	45	2	5	3	4	6.23	980	225	31
194232	Rick and Morty: Total Rickall Card Game	194232/rick-and-morty-total-rickall-card-game	2016	1.57	15	30	30	2	5	5	5	6.18	1923	336	70
194594	Dice Forge	194594/dice-forge	2017	1.97	10	45	45	2	4	4	4	7.27	17405	2481	632
194626	Happy Salmon	194626/happy-salmon	2016	1.09	6	2	2	3	6	5	6	6.73	4433	942	80
194655	Santorini	194655/santorini	2016	1.73	8	20	20	2	4	2	2	7.43	32277	5037	1226
194879	Not Alone	194879/not-alone	2016	1.99	10	30	45	2	7	4	5	7.0	9028	1423	279
195314	Herbaceous	195314/herbaceous	2017	1.19	8	15	20	1	4	4	4	7.09	4323	1009	241
195421	Near and Far	195421/near-and-far	2017	2.84	13	90	120	2	4	3	3	7.76	8579	1750	767
196496	Warfighter: The WWII Tactical Combat Card Game	196496/warfighter-wwii-tactical-combat-card-game	2016	3.08	0	30	90	1	6	1	1	7.86	772	241	157
196526	Coffee Roaster	196526/coffee-roaster	2015	2.14	12	10	30	1	1	1	1	7.46	2318	607	195
197070	Massive Darkness	197070/massive-darkness	2017	2.55	14	120	120	1	6	4	4	7.2	4333	1130	817
197376	Charterstone	197376/charterstone	2017	2.84	14	45	75	1	6	6	6	7.31	12996	2516	1038
197405	Tak	197405/tak	2017	2.45	12	20	60	2	2	2	2	7.63	2350	641	190
197443	Fugitive	197443/fugitive	2017	1.67	10	5	20	2	2	2	2	7.21	4505	980	181
198454	When I Dream	198454/when-i-dream	2016	1.19	8	20	40	4	10	6	6	7.03	4641	815	131
198707	Hostage Negotiator: Crime Wave	198707/hostage-negotiator-crime-wave	2017	2.06	15	20	20	1	1	1	1	7.47	650	235	85
198773	Codenames: Pictures	198773/codenames-pictures	2016	1.24	10	15	15	2	8	6	6	7.23	18984	2691	279
198928	Pandemic: Iberia	198928/pandemic-iberia	2016	2.58	8	45	45	2	5	4	4	7.91	8986	1533	383
198953	Pax Renaissance	198953/pax-renaissance	2016	4.43	12	60	120	2	4	3	3	8.02	2089	658	254
198994	Hero Realms	198994/hero-realms	2016	1.9	12	20	30	2	4	2	2	7.57	14269	2102	1210
199042	Harry Potter: Hogwarts Battle	199042/harry-potter-hogwarts-battle	2016	2.09	11	30	60	2	4	0	0	7.42	14596	2559	862
199478	Flamme Rouge	199478/flamme-rouge	2016	1.69	8	30	45	2	4	4	4	7.53	14244	2199	727
199561	Sagrada	199561/sagrada	2017	1.93	14	30	45	1	4	2	2	7.51	31245	4368	1171
199792	Everdell	199792/everdell	2018	2.81	13	40	80	1	4	3	3	8.1	31179	4347	2934
199966	Kingsburg (Second Edition)	199966/kingsburg-second-edition	2017	2.46	10	90	120	2	5	4	4	7.46	2343	397	108
200057	Pioneer Days	200057/pioneer-days	2017	2.51	14	45	60	2	4	0	0	7.29	1782	373	100
200077	Mint Works	200077/mint-works	2017	1.71	13	10	20	1	4	0	0	6.99	5644	1320	286
200847	Secrets	200847/secrets	2017	1.47	10	15	35	4	8	0	0	6.48	2061	365	57
200871	Hanna Honeybee	200871/hanna-honeybee	2016	1.0	2	5	10	1	4	0	0	6.15	88	36	1
201808	Clank!: A Deck-Building Adventure	201808/clank-deck-building-adventure	2016	2.22	12	30	60	2	4	3	3	7.82	32941	4351	1638
202408	Adrenaline	202408/adrenaline	2016	2.37	12	30	60	3	5	4	5	7.03	5969	1213	215
202670	Ticket to Ride: Rails & Sails	202670/ticket-ride-rails-sails	2016	2.54	10	60	120	2	5	4	4	7.44	3479	599	115
202977	Cytosis: A Cell Biology Board Game	202977/cytosis-cell-biology-board-game	2017	2.48	10	60	90	2	5	4	4	7.07	1758	586	177
202982	Scrawl	202982/scrawl	2016	1.0	17	30	30	4	8	8	8	7.15	527	112	16
203102	Buffy the Vampire Slayer: The Board Game	203102/buffy-vampire-slayer-board-game	2016	2.64	13	40	60	1	6	4	4	6.84	1083	287	122
203416	Exit: The Game – The Pharaoh's Tomb	203416/exit-game-pharaohs-tomb	2016	2.81	12	45	90	1	6	2	2	7.21	5898	992	55
203417	Exit: The Game – The Secret Lab	203417/exit-game-secret-lab	2016	2.56	12	45	150	1	6	2	2	7.1	6250	1006	66
203420	Exit: The Game – The Abandoned Cabin	203420/exit-game-abandoned-cabin	2016	2.55	12	60	120	1	6	2	2	7.49	9910	1539	128
203430	Fuji Flush	203430/fuji-flush	2016	1.04	7	10	20	3	8	6	8	6.57	2649	545	36
203993	Lorenzo il Magnifico	203993/lorenzo-il-magnifico	2016	3.3	12	60	120	2	4	3	4	7.88	11038	1673	482
204027	Cottage Garden	204027/cottage-garden	2016	1.9	8	45	60	1	4	3	3	6.88	7646	1464	226
204135	Skyjo	204135/skyjo	2015	1.1	8	15	45	2	8	4	4	6.83	1784	231	41
204305	Sherlock Holmes Consulting Detective: Jack the Ripper & West End Adventures	204305/sherlock-holmes-consulting-detective-jack-ripper-w	2016	2.2	10	60	120	1	8	2	2	7.7	4835	874	210
204472	Sub Terra	204472/sub-terra	2017	2.16	10	60	60	1	6	0	0	7.38	3648	757	539
204505	Museum	204505/museum	2019	2.53	12	30	60	2	4	4	4	7.23	2102	526	459
204592	The Mysterious Forest	204592/mysterious-forest	2016	1.09	6	10	25	2	4	2	3	5.86	490	162	15
205059	Mansions of Madness: Second Edition	205059/mansions-madness-second-edition	2016	2.67	14	120	180	1	5	3	4	8.02	29265	3973	2426
205359	Star Wars: Destiny	205359/star-wars-destiny	2016	2.28	10	30	30	2	2	2	2	7.49	4933	798	395
205398	Citadels	205398/citadels	2016	2.0	10	30	60	2	8	5	5	7.3	9705	1334	365
205418	Agricola: Family Edition	205418/agricola-family-edition	2016	2.44	8	45	45	1	4	3	3	7.11	2429	468	74
205637	Arkham Horror: The Card Game	205637/arkham-horror-card-game	2016	3.49	14	60	120	1	4	2	2	8.16	34127	5414	4026
205907	Runewars Miniatures Game	205907/runewars-miniatures-game	2017	3.06	14	90	90	2	2	2	2	7.6	606	160	120
206051	Insider	206051/insider	2016	1.11	9	15	15	4	8	6	6	7.1	3176	584	95
206175	Braintopia	206175/braintopia	2016	1.07	8	15	15	2	6	4	4	6.27	1184	233	10
206480	Imperial Struggle	206480/imperial-struggle	2020	3.9	14	120	240	2	2	2	2	8.33	1595	559	319
206931	Encore!	206931/encore	2016	1.18	8	20	20	1	6	2	2	6.99	3928	670	74
206940	Carcassonne: Amazonas	206940/carcassonne-amazonas	2016	1.92	8	35	35	2	5	4	4	7.08	1788	353	50
207572	Holland '44: Operation Market-Garden	207572/holland-44-operation-market-garden	2017	3.8	0	240	900	2	2	2	2	8.31	676	265	108
207910	Subatomic: An Atom Building Game	207910/subatomic-atom-building-game	2018	2.07	10	40	60	2	4	3	3	7.01	613	227	78
209166	Meduris: Der Ruf der Götter	209166/meduris-der-ruf-der-gotter	2016	2.29	10	75	75	2	4	3	3	6.53	397	105	14
209671	Zona: The Secret of Chernobyl	209671/zona-secret-chernobyl	2019	2.76	18	120	180	1	4	3	3	7.43	799	160	194
209685	Century: Spice Road	209685/century-spice-road	2017	1.78	8	30	45	2	5	3	4	7.35	20921	3166	631
209778	Magic Maze	209778/magic-maze	2017	1.77	8	15	15	1	8	4	4	7.01	17632	2500	396
210274	Petrichor	210274/petrichor	2018	3.0	14	20	80	1	4	3	3	6.98	1883	521	178
211534	Bears vs Babies	211534/bears-vs-babies	2017	1.27	7	15	20	2	5	4	4	5.48	3891	785	113
212402	The Grimm Forest	212402/grimm-forest	2018	1.91	14	45	60	2	4	4	4	7.12	5027	1022	497
212765	Songbirds	212765/songbirds	2016	1.7	8	20	20	1	4	0	0	6.85	1102	304	83
212956	Room 25 Ultimate	212956/room-25-ultimate	2016	2.33	10	30	60	1	8	5	6	7.36	581	145	50
213460	Unlock!: Escape Adventures	213460/unlock-escape-adventures	2017	2.16	10	45	75	2	6	2	2	7.41	5446	909	140
214396	Campy Creatures	214396/campy-creatures	2017	1.44	10	20	30	2	5	4	5	7.07	1913	435	140
214887	CO₂: Second Chance	214887/co-second-chance	2018	4.08	12	60	120	1	4	3	3	7.61	2646	688	1289
215311	Downforce	215311/downforce	2017	1.73	10	20	40	2	6	3	3	7.34	10106	1680	308
216070	Hunt for the Ring	216070/hunt-ring	2017	3.17	13	90	180	2	5	2	2	7.16	1327	331	139
216201	Robo Rally	216201/robo-rally	2016	2.3	12	20	120	2	6	4	4	7.04	2618	505	94
216234	Pocket Ops	216234/pocket-ops	2017	1.27	8	20	20	2	2	2	2	6.47	488	129	33
216459	The Lost Expedition	216459/lost-expedition	2017	1.86	14	30	50	1	5	1	1	7.07	5745	1220	342
216600	Fantastic Factories	216600/fantastic-factories	2019	2.15	14	45	60	1	5	3	3	7.51	3337	813	324
216734	Dice Throne: Season One	216734/dice-throne-season-one	2018	2.05	8	20	40	2	6	2	2	7.59	4507	969	735
217085	Unearth	217085/unearth	2017	1.97	8	30	60	2	4	3	3	6.89	4288	810	215
217362	Frogriders	217362/frogriders	2017	1.36	8	20	30	2	4	2	3	6.54	632	137	17
217372	The Quest for El Dorado	217372/quest-el-dorado	2017	1.93	10	30	60	2	4	2	2	7.63	16166	2537	576
217475	Twenty One	217475/twenty-one	2017	1.0	8	15	15	2	6	0	0	6.44	690	144	14
217553	Go Go Gelato!	217553/go-go-gelato	2017	1.0	6	15	15	2	4	3	4	6.35	443	99	5
217949	A Column of Fire	217949/column-fire	2017	2.39	12	60	90	2	4	4	4	6.53	807	195	37
218121	Dice Hospital	218121/dice-hospital	2018	2.31	10	45	90	1	4	3	3	7.18	4543	829	254
218129	Catch the Moon	218129/catch-moon	2017	1.0	6	20	20	2	6	3	4	6.75	1203	240	46
218208	Ticket to Ride: First Journey (Europe)	218208/ticket-ride-first-journey-europe	2017	1.6	6	15	30	2	4	3	4	7.03	1227	254	29
218293	Rise to Nobility	218293/rise-nobility	2018	3.28	14	25	150	1	6	0	0	7.0	1841	505	440
218311	Deckscape: Test Time	218311/deckscape-test-time	2017	1.59	12	30	90	1	6	2	2	6.65	2309	439	28
218603	Photosynthesis	218603/photosynthesis	2017	2.27	10	30	60	2	4	3	3	7.08	19331	2924	741
219100	UBOOT: The Board Game	219100/uboot-board-game	2019	4.09	12	30	120	1	4	4	4	7.69	1787	566	545
219513	Bärenpark	219513/barenpark	2017	1.64	8	30	45	2	4	4	4	7.35	14365	2221	391
220308	Gaia Project	220308/gaia-project	2017	4.37	12	60	150	1	4	3	4	8.47	19954	2839	1668
220775	Codenames: Disney – Family Edition	220775/codenames-disney-family-edition	2017	1.24	8	15	15	2	8	4	4	6.69	2222	371	48
220780	Fairy Tile	220780/fairy-tile	2018	1.32	8	30	30	2	4	4	4	6.36	1121	250	57
220784	The Legend of the Cherry Tree that Blossoms Every Ten Years	220784/legend-cherry-tree-blossoms-every-ten-years	2018	1.27	8	20	20	2	4	3	3	6.42	518	128	25
221155	Donning the Purple	221155/donning-purple	2018	3.0	14	70	90	1	3	3	3	7.13	562	172	191
221194	Dinosaur Island	221194/dinosaur-island	2017	3.04	8	90	120	1	4	3	4	7.67	13499	2451	898
221965	The Fox in the Forest	221965/fox-forest	2017	1.58	10	30	30	2	2	2	2	7.19	11382	2048	413
222509	Lords of Hellas	222509/lords-hellas	2018	3.33	14	60	90	1	4	4	4	7.78	6271	1267	1215
223040	Fantasy Realms	223040/fantasy-realms	2017	1.74	14	20	20	2	6	2	3	7.56	8476	1203	315
223049	Custom Heroes	223049/custom-heroes	2017	1.59	14	45	45	2	6	4	4	6.83	1909	404	72
223321	Detective: A Modern Crime Board Game	223321/detective-modern-crime-board-game	2018	2.74	16	120	180	1	5	2	2	7.8	8590	1541	672
223770	Startups	223770/startups	2017	1.58	10	20	20	3	7	4	4	7.14	2204	419	68
223855	Sentient	223855/sentient	2017	2.25	12	45	60	2	4	3	3	7.23	2261	506	86
223931	Sherlock Holmes Consulting Detective: Carlton House & Queen's Park	223931/sherlock-holmes-consulting-detective-carlton-house	2017	2.38	12	90	90	1	8	2	2	7.91	961	226	55
223953	Kitchen Rush	223953/kitchen-rush	2017	2.2	12	30	45	1	4	4	4	7.32	3276	592	163
224272	Hellapagos	224272/hellapagos	2017	1.27	8	20	20	3	12	7	9	6.63	1892	375	50
224517	Brass: Birmingham	224517/brass-birmingham	2018	3.9	14	60	120	2	4	3	4	8.66	26819	3973	2155
225694	Decrypto	225694/decrypto	2018	1.79	12	15	45	3	8	4	4	7.79	15162	2137	454
225729	Arkham Noir: Case #1 – The Witch Cult Murders	225729/arkham-noir-case-1-witch-cult-murders	2017	2.15	14	30	30	1	1	1	1	6.78	1389	275	104
226588	Untold: Adventures Await	226588/untold-adventures-await	2017	1.67	8	45	60	1	4	0	0	7.02	425	192	70
226610	What Do You Meme?	226610/what-do-you-meme	2016	1.0	17	30	90	3	20	6	6	5.11	1774	327	26
226631	War of the Worlds: The New Wave	226631/war-worlds-new-wave	2019	2.25	0	30	60	2	2	2	2	7.16	683	233	97
227029	Sakura	227029/sakura	2018	1.22	10	20	40	2	6	4	4	6.59	540	133	21
227224	The Red Cathedral	227224/red-cathedral	2020	2.8	10	30	120	1	4	3	3	7.86	4534	719	326
227422	Whoosh: Bounty Hunters	227422/whoosh-bounty-hunters	2017	1.15	8	10	10	2	8	4	6	6.26	353	87	22
227466	Break the Code	227466/break-code	2017	1.65	10	15	15	2	4	2	2	7.23	692	137	28
228411	Iron Curtain	228411/iron-curtain	2017	2.13	10	20	30	2	2	2	2	7.16	1095	234	63
228504	Cat Lady	228504/cat-lady	2017	1.44	8	15	30	2	4	0	0	7.07	4432	906	160
228855	Set a Watch	228855/set-watch	2019	2.4	13	45	80	1	4	1	1	7.31	2381	559	608
228959	Alubari: A Nice Cup of Tea	228959/alubari-nice-cup-tea	2019	3.08	10	45	120	1	5	4	4	7.28	947	253	150
229414	Tulip Bubble	229414/tulip-bubble	2015	2.52	15	50	70	3	5	5	5	7.15	809	187	42
229741	Shadows in Kyoto	229741/shadows-kyoto	2017	2.0	10	15	30	2	2	2	2	6.89	935	231	43
229853	Teotihuacan: City of Gods	229853/teotihuacan-city-gods	2018	3.77	14	90	120	1	4	4	4	7.92	15629	2269	914
230085	Agra	230085/agra	2017	4.35	12	90	120	2	4	4	4	7.34	2171	520	151
230244	Black Angel	230244/black-angel	2019	3.84	12	60	120	1	4	3	3	7.36	3757	787	367
230251	Mint Delivery	230251/mint-delivery	2017	1.53	13	15	30	1	5	4	4	6.22	2005	592	109
230253	Star Realms: Frontiers	230253/star-realms-frontiers	2018	1.87	12	20	45	1	4	2	2	7.98	3465	674	360
230383	Memoarrr!	230383/memoarrr	2017	1.23	8	10	20	2	4	4	4	6.91	1924	335	40
230802	Azul	230802/azul	2017	1.76	8	30	45	2	4	2	2	7.79	65216	8250	2649
230914	Carcassonne Big Box 6	230914/carcassonne-big-box-6	2017	1.96	7	35	35	2	6	0	0	8.14	2939	413	169
231197	Raxxon	231197/raxxon	2017	1.96	14	45	60	1	4	3	3	6.82	1031	264	51
231218	Black Sonata	231218/black-sonata	2017	2.09	12	30	30	1	1	1	1	7.53	2034	679	284
231280	Harvest Dice	231280/harvest-dice	2017	1.21	8	15	30	2	4	0	0	6.66	1843	377	49
232303	Amun-Re: The Card Game	232303/amun-re-card-game	2017	2.42	14	45	45	2	5	3	3	6.66	470	152	20
232414	Oceans	232414/oceans	2020	2.81	12	60	90	2	4	3	3	7.6	4333	1004	409
232918	Fallout	232918/fallout	2017	3.0	14	120	180	1	4	1	1	6.93	6271	1262	731
232979	Richard the Lionheart	232979/richard-lionheart	2017	2.33	14	90	90	2	6	6	6	6.99	554	139	36
233020	Fireball Island: The Curse of Vul-Kar	233020/fireball-island-curse-vul-kar	2018	1.51	7	45	60	2	4	4	4	6.86	5070	1128	620
233208	D-Day Dice (Second Edition)	233208/d-day-dice-second-edition	2019	2.14	14	45	45	1	4	1	1	7.54	841	256	186
233312	Stuffed Fables	233312/stuffed-fables	2018	2.41	7	60	90	2	4	4	4	7.52	5579	1139	511
233371	Clank! In! Space!: A Deck-Building Adventure	233371/clank-space-deck-building-adventure	2017	2.52	12	45	90	2	4	3	3	7.84	11097	1619	476
233678	Indian Summer	233678/indian-summer	2017	2.16	10	15	60	1	4	3	3	6.79	3423	726	123
233896	Resident Evil 2: The Board Game	233896/resident-evil-2-board-game	2019	2.36	14	90	120	1	4	2	2	7.46	758	209	858
233961	Claim	233961/claim	2017	1.74	10	25	25	2	2	2	2	7.0	3282	595	95
234190	Unstable Unicorns	234190/unstable-unicorns	2017	1.51	14	30	45	2	8	4	5	6.27	5606	1054	263
234396	Muse	234396/muse	2017	1.13	10	30	30	2	12	4	4	6.68	1936	374	52
234477	Battle for Rokugan	234477/battle-rokugan	2017	2.74	14	60	90	2	5	4	4	7.46	2862	583	207
235465	Karuba: The Card Game	235465/karuba-card-game	2017	1.25	8	10	15	2	6	4	4	6.38	625	153	15
235627	Iquazú	235627/iquazu	2017	1.77	10	50	50	2	4	4	4	6.85	627	144	27
235655	Dragon's Breath	235655/dragons-breath	2017	1.09	5	15	20	2	4	3	4	6.62	1197	301	21
235922	King of the Dice	235922/king-dice	2017	1.08	8	20	30	2	5	3	4	6.85	1047	182	26
236191	London (Second Edition)	236191/london-second-edition	2017	2.72	14	60	90	2	4	3	3	7.57	5464	889	211
236457	Architects of the West Kingdom	236457/architects-west-kingdom	2018	2.76	12	60	80	1	5	4	4	7.8	21391	3122	1272
237182	Root	237182/root	2018	3.72	10	60	90	2	4	4	4	8.1	33103	4978	3349
237211	Valhalla	237211/valhalla	2018	2.07	13	30	60	1	6	3	4	7.29	1248	253	710
238393	Monolith Arena	238393/monolith-arena	2018	2.4	10	30	45	2	4	2	2	7.56	1098	230	111
238799	Messina 1347	238799/messina-1347	2021	3.46	12	45	120	1	4	0	0	7.81	720	155	160
238992	Call to Adventure	238992/call-adventure	2019	2.01	13	30	60	1	4	3	3	7.17	4477	933	423
239188	Chronicles of Crime	239188/chronicles-crime	2018	2.07	14	60	90	1	4	2	2	7.71	17786	3056	1330
239307	Unlock!: Secret Adventures	239307/unlock-secret-adventures	2017	2.14	10	60	60	1	6	2	2	7.61	2133	346	38
239472	Abomination: The Heir of Frankenstein	239472/abomination-heir-frankenstein	2019	3.25	13	90	180	2	4	3	3	7.5	2103	496	218
239840	Micropolis	239840/micropolis	2018	1.78	8	30	30	2	6	3	4	6.83	1477	286	58
239942	Black Rose Wars	239942/black-rose-wars	2019	3.44	14	90	90	2	4	4	4	8.09	2236	496	3325
240567	Chocolate Factory	240567/chocolate-factory	2019	2.88	10	45	90	1	4	3	3	7.17	1473	344	116
240855	Lockup: A Roll Player Tale	240855/lockup-roll-player-tale	2019	2.36	14	45	90	1	5	3	4	7.37	1519	313	148
241266	Little Town	241266/little-town	2017	1.96	10	30	60	2	4	3	4	7.26	2719	456	111
241477	Karak	241477/karak	2017	1.44	7	45	45	2	5	3	4	7.35	1274	286	100
241724	Villagers	241724/villagers	2019	2.19	10	30	60	1	5	3	3	7.26	5307	1143	708
241987	Dual Powers: Revolution 1917	241987/dual-powers-revolution-1917	2018	2.21	13	30	60	1	2	2	2	7.54	800	234	169
242302	Space Base	242302/space-base	2018	2.12	14	60	60	2	5	3	4	7.6	11910	1891	442
242324	Stew	242324/stew	2018	1.3	10	10	20	2	4	2	2	6.74	471	130	30
242639	Treasure Island	242639/treasure-island	2018	2.27	10	45	45	2	5	4	4	7.29	4794	755	237
242740	Magic Maze Kids	242740/magic-maze-kids	2018	1.64	5	15	25	2	4	4	4	6.77	399	111	21
243430	Dealt!	243430/dealt	2018	1.43	10	30	30	3	5	4	4	7.09	1219	245	25
243759	Hellboy: The Board Game	243759/hellboy-board-game	2019	2.9	14	60	90	1	4	4	4	7.9	1548	410	1980
244114	Yellow & Yangtze	244114/yellow-yangtze	2018	3.13	14	90	90	2	4	4	4	7.88	1802	527	143
244115	Shards of Infinity	244115/shards-infinity	2018	2.0	10	30	30	2	4	2	2	7.53	3210	704	209
244191	Naga Raja	244191/naga-raja	2019	2.02	9	30	30	2	2	2	2	7.2	1972	380	97
244330	Scarabya	244330/scarabya	2018	1.29	8	15	20	1	4	4	4	6.61	1098	237	39
244331	Blue Lagoon	244331/blue-lagoon	2018	2.01	8	30	45	2	4	4	4	7.19	3643	820	101
244521	The Quacks of Quedlinburg	244521/quacks-quedlinburg	2018	1.95	10	45	45	2	4	4	4	7.85	31506	4264	1299
244522	That's Pretty Clever!	244522/s-pretty-clever	2018	1.89	8	30	30	1	4	2	2	7.62	18084	2551	471
244992	The Mind	244992/mind	2018	1.07	8	20	20	2	4	4	4	6.85	23460	3369	503
244995	Illusion	244995/illusion	2018	1.06	8	15	15	2	5	4	4	6.77	3691	613	79
245045	Deckscape: Heist in Venice	245045/deckscape-heist-venice	2018	1.71	12	30	90	1	6	6	6	6.75	1565	281	15
245222	Squadro	245222/squadro	2018	1.5	8	20	20	2	2	2	2	6.47	260	48	12
245444	Holding On: The Troubled Life of Billy Kerr	245444/holding-troubled-life-billy-kerr	2018	2.38	14	45	60	2	4	3	3	6.04	879	289	107
245476	CuBirds	245476/cubirds	2018	1.29	8	20	20	2	5	3	3	6.97	4113	561	127
245654	Railroad Ink: Deep Blue Edition	245654/railroad-ink-deep-blue-edition	2018	1.48	8	20	30	1	6	2	2	7.24	9328	1271	281
245655	The King's Dilemma	245655/kings-dilemma	2019	2.3	14	45	60	3	5	5	5	7.91	3306	716	493
245658	Unicorn Fever	245658/unicorn-fever	2020	2.14	14	40	40	2	6	4	4	7.2	870	181	133
245934	Carpe Diem	245934/carpe-diem	2018	2.53	10	45	75	2	4	3	3	7.56	5886	1137	199
246150	Arraial	246150/arraial	2018	1.5	8	30	30	1	4	2	2	6.66	858	217	68
246192	Gizmos	246192/gizmos	2018	2.02	14	40	50	2	4	3	3	7.43	8970	1290	291
246200	Piepmatz	246200/piepmatz	2018	2.08	12	20	40	2	4	3	3	7.13	1821	427	99
246201	Lincoln	246201/lincoln	2018	2.51	14	90	120	2	2	2	2	7.02	859	268	73
246684	Smartphone Inc.	246684/smartphone-inc	2018	2.73	12	60	90	1	5	5	5	7.69	3798	717	197
246761	Cahoots	246761/cahoots	2018	1.11	10	20	20	1	4	2	3	7.17	1894	268	39
246784	Cryptid	246784/cryptid	2018	2.23	10	30	50	3	5	4	4	7.5	9617	1403	336
246900	Eclipse: Second Dawn for the Galaxy	246900/eclipse-second-dawn-galaxy	2020	3.57	14	60	200	2	6	4	4	8.66	6086	1019	990
247314	Concept Kids: Animals	247314/concept-kids-animals	2018	1.27	4	20	20	2	12	4	4	7.11	644	149	18
247360	Junk Orbit	247360/junk-orbit	2018	1.56	10	30	40	2	5	0	0	6.96	524	146	29
247367	Air, Land & Sea	247367/air-land-sea	2019	1.8	14	15	30	2	2	2	2	7.53	3635	864	150
247567	D-Day Dice Pocket	247567/d-day-dice-pocket	2018	1.14	10	10	45	1	8	1	1	6.31	225	74	22
247763	Underwater Cities	247763/underwater-cities	2018	3.59	12	80	150	1	4	2	2	8.1	13323	2002	726
248005	Ganymede	248005/ganymede	2018	2.32	14	20	40	2	4	3	3	7.24	1231	251	76
248125	Monumental	248125/monumental	2020	2.74	14	90	120	1	4	2	3	7.72	1080	357	615
248562	Mage Knight: Ultimate Edition	248562/mage-knight-ultimate-edition	2018	4.62	14	150	150	1	5	1	1	8.94	4121	795	681
248949	Skull Tales: Full Sail!	248949/skull-tales-full-sail	2019	3.88	14	60	150	1	5	4	4	7.8	788	251	1120
249259	War Chest	249259/war-chest	2018	2.32	14	30	30	2	4	2	2	7.95	5857	975	418
249411	Cuzco	249411/cuzco	2018	2.49	12	90	90	2	4	3	3	7.51	717	188	64
249763	Claim 2	249763/claim-2	2018	1.55	10	25	25	2	2	2	2	7.05	1233	233	42
250396	Terminator Genisys: Rise of the Resistance	250396/terminator-genisys-rise-resistance	2018	2.59	14	90	120	1	4	1	1	8.17	424	113	180
250561	Kick-Ass: The Board Game	250561/kick-ass-board-game	2018	2.81	18	60	90	1	4	0	0	7.35	567	121	54
250881	Dominations: Road to Civilization	250881/dominations-road-civilization	2019	3.55	13	60	120	2	4	0	0	7.56	907	262	130
251219	Istanbul: Big Box	251219/istanbul-big-box	2018	2.48	10	40	90	2	5	4	4	8.06	2354	427	94
251247	Barrage	251247/barrage	2019	4.06	14	60	120	1	4	4	4	8.23	10032	1629	819
251412	On Tour	251412/tour	2019	1.49	7	20	20	1	4	0	0	7.01	3427	751	138
251658	Sprawlopolis	251658/sprawlopolis	2018	1.84	8	15	20	1	4	1	1	7.43	6718	1586	369
251678	Railroad Ink: Blazing Red Edition	251678/railroad-ink-blazing-red-edition	2018	1.43	8	20	30	1	6	3	3	7.16	5210	721	129
252153	Tang Garden	252153/tang-garden	2020	2.6	14	40	60	1	4	3	3	7.52	2971	748	488
252526	Pictomania (Second Edition)	252526/pictomania-second-edition	2018	1.39	8	20	40	3	6	5	6	7.58	1375	260	33
252929	Planet	252929/planet	2018	1.61	8	30	45	2	4	4	4	6.73	4131	737	104
253214	Escape Tales: The Awakening	253214/escape-tales-awakening	2018	2.14	16	180	360	1	4	2	2	7.14	2267	449	98
253664	Taco Cat Goat Cheese Pizza	253664/taco-cat-goat-cheese-pizza	2018	1.03	8	10	30	2	8	4	5	6.81	1873	337	49
254192	Harry Potter: Hogwarts Battle – Defence Against the Dark Arts	254192/harry-potter-hogwarts-battle-defence-against-dark	2019	1.72	11	30	60	2	2	2	2	7.25	1605	256	100
254226	Unlock!: Exotic Adventures	254226/unlock-exotic-adventures	2018	2.31	10	60	90	1	6	2	3	7.38	1557	276	25
254386	Raccoon Tycoon	254386/raccoon-tycoon	2018	2.08	8	60	90	2	5	4	4	7.38	2840	625	220
254513	The Grimm Masquerade	254513/grimm-masquerade	2019	1.67	8	20	40	2	5	4	4	7.01	926	199	73
254591	Heroes of Terrinoth	254591/heroes-terrinoth	2018	2.47	14	30	60	1	4	4	4	7.34	1972	392	276
254619	Porto	254619/porto	2019	1.88	8	30	45	1	4	3	4	7.24	464	108	52
254640	Just One	254640/just-one	2018	1.05	8	20	20	3	7	6	7	7.62	16788	2315	356
254713	The Artemis Project	254713/artemis-project	2019	2.81	13	60	75	1	5	3	3	7.3	1621	481	214
255984	Sleeping Gods	255984/sleeping-gods	2021	3.17	13	60	1200	1	4	2	2	8.5	3476	1069	1206
256065	Carcassonne: Safari	256065/carcassonne-safari	2018	1.86	7	35	35	2	5	4	4	7.05	730	146	28
256226	Azul: Stained Glass of Sintra	256226/azul-stained-glass-sintra	2018	2.01	8	30	45	2	4	3	3	7.38	10579	1439	318
256320	Fertility	256320/fertility	2018	1.97	10	25	45	2	4	3	4	7.21	1284	235	59
256382	Disney Villainous	256382/disney-villainous	2018	2.44	10	50	50	2	6	3	3	7.05	13741	2154	736
256570	Crown of Emara	256570/crown-emara	2018	3.1	12	45	75	1	4	3	3	7.46	2892	559	115
256729	Wacky Races: The Board Game	256729/wacky-races-board-game	2019	1.24	14	20	20	2	6	4	4	6.57	619	141	94
256730	Pipeline	256730/pipeline	2019	3.9	12	60	120	2	4	3	3	7.68	3812	817	319
256804	Exploding Kittens: Party Pack	256804/exploding-kittens-party-pack	2017	1.0	7	15	15	2	10	5	6	7.21	849	119	34
256852	Aliens: Another Glorious Day in the Corps	256852/aliens-another-glorious-day-corps	2020	2.83	14	60	120	1	6	3	3	7.5	896	264	314
256883	Comanauts	256883/comanauts	2019	2.57	14	90	120	2	4	2	2	6.55	549	176	80
256916	Concordia Venus	256916/concordia-venus	2018	3.06	12	60	120	2	6	4	4	8.34	3463	642	185
256952	Zombie Kidz Evolution	256952/zombie-kidz-evolution	2018	1.39	7	5	15	2	4	3	4	7.78	3150	635	174
256960	Pax Pamir: Second Edition	256960/pax-pamir-second-edition	2019	3.82	13	45	120	1	5	4	4	8.35	7396	1544	850
257058	Valparaíso	257058/valparaiso	2018	2.82	12	45	90	2	5	4	5	6.9	796	188	41
257066	Sierra West	257066/sierra-west	2019	3.12	14	40	60	1	4	2	2	6.87	1287	309	95
257273	Ghosts of the Moor	257273/ghosts-moor	2018	1.0	8	20	30	2	5	2	3	6.08	176	43	6
257499	Arkham Horror (Third Edition)	257499/arkham-horror-third-edition	2018	3.32	14	120	180	1	6	3	3	7.76	6622	1033	759
257527	Trapwords	257527/trapwords	2018	1.41	8	30	45	4	8	6	6	6.98	2138	360	54
257582	Periodic: A Game of The Elements	257582/periodic-game-elements	2019	1.94	10	40	40	2	5	3	4	6.81	599	236	84
257614	Tussie Mussie	257614/tussie-mussie	2019	1.11	8	20	30	2	4	2	2	6.96	2618	660	148
257674	Vampire: The Masquerade – Heritage	257674/vampire-masquerade-heritage	2020	3.05	14	45	90	2	4	4	4	7.4	504	150	178
258036	Between Two Castles of Mad King Ludwig	258036/between-two-castles-mad-king-ludwig	2018	2.2	10	45	60	2	7	6	6	7.3	4916	840	184
258074	Volfyirion	258074/volfyirion	2019	2.28	14	15	30	1	2	2	2	7.36	943	239	680
258244	Discover: Lands Unknown	258244/discover-lands-unknown	2018	2.34	12	60	120	1	4	0	0	5.88	2135	577	150
258309	First Contact	258309/first-contact	2018	2.13	12	15	40	2	7	4	6	7.03	952	169	41
258389	Futuropia	258389/futuropia	2018	2.63	12	90	90	1	4	3	3	6.36	417	129	24
258444	Gingerbread House	258444/gingerbread-house	2018	1.8	8	30	30	2	4	3	3	7.02	2069	389	66
259081	Machi Koro Legacy	259081/machi-koro-legacy	2019	1.94	10	30	45	2	4	3	4	7.02	1749	349	89
259374	Belratti	259374/belratti	2018	1.06	9	20	45	3	7	4	6	7.18	1207	248	36
259809	Sonar Family	259809/sonar-family	2018	1.67	8	30	45	2	4	4	4	6.91	469	89	15
260147	Europe Divided	260147/europe-divided	2020	2.78	12	60	75	2	2	2	2	7.08	266	96	74
260180	Project L	260180/project-l	2020	1.49	8	20	40	1	4	2	3	7.59	3019	556	221
260428	Pandemic: Fall of Rome	260428/pandemic-fall-rome	2018	2.44	8	45	60	1	5	3	3	7.68	4715	828	241
260605	Camel Up (Second Edition)	260605/camel-second-edition	2018	1.47	8	30	45	3	8	5	6	7.64	6242	920	231
261114	Men at Work	261114/men-work	2019	1.1	8	30	45	2	5	3	4	7.3	2393	403	80
261901	Tokyo Highway (4 player)	261901/tokyo-highway-4-player	2018	1.42	8	30	50	2	4	0	0	6.94	1445	272	46
262208	Dungeon Drop	262208/dungeon-drop	2020	1.44	8	10	20	1	4	2	4	6.87	1290	371	317
262215	Blackout: Hong Kong	262215/blackout-hong-kong	2018	3.48	14	75	150	1	4	3	3	7.47	4692	871	245
262477	Mercado de Lisboa	262477/mercado-de-lisboa	2021	2.08	8	30	45	1	4	3	3	6.77	1737	381	180
262543	Wavelength	262543/wavelength	2019	1.12	14	30	45	2	12	6	6	7.42	6915	1051	196
262547	Don't Get Got!	262547/dont-get-got	2018	1.05	14	30	1440	2	10	7	7	7.15	918	191	34
262712	Res Arcana	262712/res-arcana	2019	2.61	12	30	60	2	4	2	2	7.74	14840	2258	821
264052	Circadians: First Light	264052/circadians-first-light	2019	3.46	12	60	90	1	4	2	2	7.67	1857	462	176
264055	Draftosaurus	264055/draftosaurus	2019	1.26	8	15	15	2	5	4	4	7.15	8284	1183	230
264196	Dungeons & Dragons: Waterdeep – Dungeon of the Mad Mage Board Game	264196/dungeons-dragons-waterdeep-dungeon-mad-mage-board	2019	2.42	14	60	60	1	5	1	4	7.79	590	162	157
264220	Tainted Grail: The Fall of Avalon	264220/tainted-grail-fall-avalon	2019	3.29	14	60	120	1	4	1	2	8.24	8423	2077	2118
264239	Patchwork Doodle	264239/patchwork-doodle	2019	1.19	8	20	20	1	6	0	0	6.64	1539	289	33
264241	Mandala	264241/mandala	2019	1.77	10	20	20	2	2	2	2	7.64	3807	698	148
264982	Coloma	264982/coloma	2019	2.94	13	60	90	1	6	4	5	7.4	1637	345	165
265188	Glen More II: Chronicles	265188/glen-more-ii-chronicles	2019	3.06	12	90	120	2	4	3	3	7.99	5373	956	397
265256	PUSH	265256/push	2018	1.03	8	20	25	2	6	0	0	6.85	1306	257	45
265402	In the Hall of the Mountain King	265402/hall-mountain-king	2019	2.82	12	75	90	2	5	3	4	7.75	3016	813	344
265524	Ramen Fury	265524/ramen-fury	2019	1.32	8	30	30	2	5	4	4	6.25	949	215	27
265683	Second Chance	265683/second-chance	2019	1.18	8	10	15	1	6	2	4	6.69	1638	298	38
265736	Tiny Towns	265736/tiny-towns	2019	2.07	14	45	60	1	6	3	3	7.31	13771	2015	540
266083	L.L.A.M.A.	266083/llm	2019	1.06	8	20	20	2	6	0	0	6.49	5496	900	86
266179	Space Gate Odyssey	266179/space-gate-odyssey	2019	2.81	12	90	90	2	4	4	4	7.06	729	171	46
266192	Wingspan	266192/wingspan	2019	2.44	10	40	70	1	5	3	3	8.1	59154	8148	4432
266507	Clank!: Legacy – Acquisitions Incorporated	266507/clank-legacy-acquisitions-incorporated	2019	2.69	13	90	120	2	4	4	4	8.68	5374	923	441
266524	PARKS	266524/parks	2019	2.16	10	30	60	1	5	3	3	7.78	13910	2338	1023
266810	Paladins of the West Kingdom	266810/paladins-west-kingdom	2019	3.69	12	90	120	1	4	2	2	8.03	11755	1760	898
266830	Q.E.	266830/qe	2019	1.64	8	45	45	3	5	5	5	7.46	2893	565	78
267009	Rome & Roll	267009/rome-roll	2020	3.36	14	60	90	1	4	3	3	6.98	691	226	97
267058	300: Earth & Water	267058/300-earth-water	2018	2.13	12	30	30	2	2	2	2	7.67	312	96	52
267319	Roam	267319/roam	2019	1.8	8	30	45	2	4	3	3	7.39	2508	509	184
267378	Chakra	267378/chakra	2019	1.78	8	30	30	2	4	2	2	6.94	1624	270	61
267475	Stay Cool	267475/stay-cool	2019	1.0	12	10	30	3	7	4	4	7.09	541	94	14
267813	Adventure Games: The Dungeon	267813/adventure-games-dungeon	2019	1.72	12	75	75	1	4	2	2	7.02	1966	418	57
268620	Similo	268620/similo	2019	1.05	7	10	15	2	8	3	4	6.87	2582	696	89
268864	Undaunted: Normandy	268864/undaunted-normandy	2019	2.24	14	45	60	2	2	2	2	7.84	6774	1133	565
269144	Hadara	269144/hadara	2019	2.2	10	45	60	2	5	4	5	7.47	4962	810	182
269207	The Taverns of Tiefenthal	269207/taverns-tiefenthal	2019	2.7	12	60	60	2	4	2	3	7.61	9135	1240	482
269210	Twice as Clever!	269210/twice-clever	2019	2.35	10	30	30	1	4	2	2	7.49	6434	971	161
269385	The Lord of the Rings: Journeys in Middle-Earth	269385/lord-rings-journeys-middle-earth	2019	2.61	14	60	120	1	5	2	2	8.0	11766	1625	1556
269511	Cooper Island	269511/cooper-island	2019	4.19	12	60	120	1	4	3	3	7.67	2887	581	197
269526	Valley of the Vikings	269526/valley-vikings	2019	1.43	6	15	20	2	4	3	4	6.71	663	135	13
269595	Copenhagen	269595/copenhagen	2019	1.73	8	20	40	2	4	4	4	7.14	2476	486	103
269603	Minecraft: Builders & Biomes	269603/minecraft-builders-biomes	2019	1.92	10	30	60	2	4	3	3	7.04	1738	360	91
269623	Unicorn Glitterluck: Cloud Stacking	269623/unicorn-glitterluck-cloud-stacking	2019	1.0	4	15	15	1	4	3	3	6.32	131	35	2
269725	Corinth	269725/corinth	2019	1.72	8	20	30	2	4	3	3	6.77	2507	590	81
270109	Iwari	270109/iwari	2020	2.15	14	45	45	2	5	3	4	7.21	1441	367	284
270168	Tuki	270168/tuki	2019	1.18	8	30	45	2	4	3	3	6.9	678	153	44
270636	My Farm Shop	270636/my-farm-shop	2020	2.0	8	45	45	2	4	2	2	7.09	449	123	27
270836	Imperial Settlers: Roll & Write	270836/imperial-settlers-roll-write	2019	1.8	10	30	30	1	4	1	1	6.39	1804	370	74
270970	Century: A New World	270970/century-new-world	2019	2.12	8	30	45	2	4	3	3	7.42	3709	683	164
270971	Era: Medieval Age	270971/era-medieval-age	2019	2.32	8	45	60	1	4	2	2	7.26	2839	526	194
271088	Ishtar: Gardens of Babylon	271088/ishtar-gardens-babylon	2019	2.26	14	45	45	2	4	3	3	7.08	2257	405	118
271319	Las Vegas Royale	271319/las-vegas-royale	2019	1.53	8	45	60	2	5	4	5	7.44	1256	236	52
271324	It's a Wonderful World	271324/its-wonderful-world	2019	2.3	14	30	60	1	5	4	4	7.81	10576	1568	732
271518	Disney Villainous: Wicked to the Core	271518/disney-villainous-wicked-core	2019	2.38	10	40	60	2	3	3	3	7.64	3058	400	178
271530	Ankh'or	271530/ankhor	2019	1.71	8	30	30	2	4	2	2	7.01	826	166	41
271785	Slide Quest	271785/slide-quest	2019	1.13	7	15	45	1	4	4	4	6.65	1311	235	40
271896	Star Wars: Outer Rim	271896/star-wars-outer-rim	2019	2.49	14	120	180	1	4	3	3	7.69	7672	1175	765
272438	Blockbuster	272438/blockbuster	2019	1.08	12	30	60	4	10	8	8	6.62	714	167	23
272738	Jaws	272738/jaws	2019	2.19	12	60	60	2	4	4	4	7.21	4237	881	244
272739	Clinic: Deluxe Edition	272739/clinic-deluxe-edition	2020	4.1	14	60	150	1	4	2	3	7.72	1667	401	197
273330	Bloodborne: The Board Game	273330/bloodborne-board-game	2021	2.95	14	45	75	1	4	1	2	7.98	1967	570	556
274090	Lanterns Dice: Lights in the Sky	274090/lanterns-dice-lights-sky	2019	2.0	10	30	45	2	4	0	0	6.9	725	158	37
274450	Last Aurora	274450/last-aurora	2020	2.66	14	60	90	1	4	4	4	7.44	871	224	355
274533	Throw Throw Burrito	274533/throw-throw-burrito	2019	1.09	7	15	15	2	6	4	6	6.53	2033	445	85
274637	Unmatched: Battle of Legends, Volume One	274637/unmatched-battle-legends-volume-one	2019	1.9	9	20	40	2	4	2	2	7.92	4932	719	440
274638	Unmatched: Robin Hood vs. Bigfoot	274638/unmatched-robin-hood-vs-bigfoot	2019	1.93	9	20	20	2	2	2	2	8.11	2103	270	125
274841	Cóatl	274841/coatl	2020	2.07	10	30	60	1	4	3	3	7.15	1543	276	123
274960	Point Salad	274960/point-salad	2019	1.16	8	15	30	2	6	0	0	7.27	12345	1723	291
275913	Bruxelles 1897	275913/bruxelles-1897	2019	2.93	10	40	60	2	4	3	3	7.3	1400	326	87
275916	Cairn	275916/cairn	2019	1.77	10	25	25	2	2	2	2	7.52	601	136	52
276004	On the Origin of Species	276004/origin-species	2019	2.33	9	45	80	2	4	2	3	7.0	709	198	96
276025	Maracaibo	276025/maracaibo	2019	3.89	12	30	120	1	4	3	3	8.18	11214	1730	851
276498	Paris: La Cité de la Lumière	276498/paris-la-cite-de-la-lumiere	2019	2.04	8	30	30	2	2	2	2	7.41	2617	431	130
276830	Sanctum	276830/sanctum	2019	2.44	12	60	100	2	4	2	2	7.14	1687	362	198
276894	Ticket to Ride: London	276894/ticket-ride-london	2019	1.28	8	10	15	2	4	3	3	7.17	3032	557	78
277085	Love Letter	277085/love-letter	2019	1.13	10	20	20	2	6	4	4	7.6	3856	466	144
277699	A Fistful of Meeples	277699/fistful-meeples	2019	2.08	14	30	30	2	4	3	3	7.17	906	187	59
277700	Merchants Cove	277700/merchants-cove	2021	2.77	14	60	90	1	4	3	3	7.67	1652	472	313
279254	Ecos: First Continent	279254/ecos-first-continent	2019	2.6	14	45	75	2	6	3	4	7.19	3054	631	165
279537	The Search for Planet X	279537/search-planet-x	2020	2.32	13	60	60	1	4	2	2	8.13	4137	750	263
279613	Unlock!: Timeless Adventures	279613/unlock-timeless-adventures	2019	2.06	10	60	90	1	6	2	2	7.89	1690	328	32
280136	Paranormal Detectives	280136/paranormal-detectives	2019	1.7	12	30	50	2	6	4	5	7.11	1602	274	86
280304	ARTBOX	280304/artbox	2019	1.0	8	25	40	3	8	6	7	7.1	218	38	12
280453	Masters of Renaissance: Lorenzo il Magnifico – The Card Game	280453/masters-renaissance-lorenzo-il-magnifico-card-game	2019	2.12	14	30	45	1	4	2	2	7.21	1293	248	73
280480	Crystal Palace	280480/crystal-palace	2019	3.8	14	90	150	2	5	3	3	7.59	2539	437	136
280789	Pandemic: Rapid Response	280789/pandemic-rapid-response	2019	2.19	8	20	20	2	4	2	2	6.65	2172	463	81
281075	Welcome to New Las Vegas	281075/welcome-new-las-vegas	2020	2.95	10	35	35	1	50	4	4	6.9	1425	251	45
281194	Flick of Faith	281194/flick-faith	2019	1.24	8	15	40	2	4	4	4	7.46	1474	202	95
281259	The Isle of Cats	281259/isle-cats	2019	2.32	8	60	90	1	4	3	3	7.89	12296	2080	966
281466	Yedo: Deluxe Master Set	281466/yedo-deluxe-master-set	2020	3.25	12	60	90	1	5	4	4	8.07	1130	358	175
281655	High Frontier 4 All	281655/high-frontier-4-all	2020	4.82	14	30	240	1	5	3	3	8.54	833	335	256
281946	Aftermath	281946/aftermath	2019	2.88	14	60	120	1	4	2	2	7.79	1182	302	248
282171	Trial by Trolley	282171/trial-trolley	2020	1.03	14	30	90	3	13	5	5	6.23	1629	322	67
282414	Pharaon	282414/pharaon	2019	2.73	12	30	75	1	5	1	3	7.46	1069	193	81
282853	Catan: Starfarers	282853/catan-starfarers	2019	2.39	14	120	120	3	4	3	3	7.65	835	201	69
283155	Calico	283155/calico	2020	2.2	10	30	45	1	4	2	2	7.74	9595	1588	611
283211	Harry Potter: Death Eaters Rising	283211/harry-potter-death-eaters-rising	2019	2.36	11	45	90	2	4	3	3	7.13	653	112	79
283355	Dune	283355/dune	2019	3.97	14	120	120	2	6	6	6	8.08	5068	1099	795
283387	Rocketmen	283387/rocketmen	2021	2.59	14	30	90	1	4	3	3	6.95	1115	301	140
283863	The Magnificent	283863/magnificent	2019	3.16	14	60	90	1	4	0	0	7.6	2311	410	144
283864	Trails of Tucana	283864/trails-tucana	2019	1.25	8	15	15	1	8	4	5	7.46	2719	421	91
283948	Marco Polo II: In the Service of the Khan	283948/marco-polo-ii-service-khan	2019	3.38	12	60	120	2	4	3	3	8.07	4947	680	249
284083	The Crew: The Quest for Planet Nine	284083/crew-quest-planet-nine	2019	1.98	10	20	20	2	5	4	4	7.95	26858	3542	934
284108	Pictures	284108/pictures	2019	1.03	8	20	30	3	5	5	5	7.2	1506	258	38
284333	Yggdrasil Chronicles	284333/yggdrasil-chronicles	2019	2.97	14	90	90	1	5	4	4	7.41	529	118	77
284378	Kanban EV	284378/kanban-ev	2020	4.35	14	60	180	1	4	3	3	8.61	3280	675	1281
284435	Nova Luna	284435/nova-luna	2019	1.87	8	30	60	1	4	2	2	7.41	4722	676	149
284584	Troyes Dice	284584/troyes-dice	2020	2.32	12	20	30	1	10	1	2	7.14	1458	279	94
284653	Mind MGMT: The Psychic Espionage “Game.”	284653/mind-mgmt-psychic-espionage-game	2021	2.85	13	45	75	1	5	2	3	8.14	850	312	239
284760	Disney Villainous: Evil Comes Prepared	284760/disney-villainous-evil-comes-prepared	2019	2.28	10	40	60	2	3	3	3	7.65	2804	399	168
284818	Caylus 1303	284818/caylus-1303	2019	2.9	12	60	90	2	5	4	4	7.56	1986	390	85
284936	Café	284936/cafe	2020	2.0	8	20	45	1	4	2	2	7.48	983	172	72
284982	Drako: Knights & Trolls	284982/drako-knights-trolls	2019	1.86	8	30	30	2	2	2	2	7.17	216	55	29
285192	Destinies	285192/destinies	2021	1.93	14	90	150	1	3	2	2	8.0	3748	813	678
285533	Miyabi	285533/miyabi	2019	2.09	8	45	45	2	4	2	4	7.53	1068	217	60
285773	Arkham Horror: Final Hour	285773/arkham-horror-final-hour	2019	2.24	12	60	60	1	4	4	4	6.55	968	194	69
285774	Marvel Champions: The Card Game	285774/marvel-champions-card-game	2019	2.87	14	45	90	1	4	1	2	8.2	14992	2071	1864
285894	Bravo!	285894/bravo	2019	1.88	8	20	20	1	6	2	2	7.36	800	150	16
285967	Ankh: Gods of Egypt	285967/ankh-gods-egypt	2021	3.04	14	90	90	2	5	2	2	7.96	3908	928	774
286096	Tapestry	286096/tapestry	2019	2.9	12	90	120	1	5	3	3	7.46	14979	2577	1313
286160	Godspeed	286160/godspeed	2020	2.62	10	45	90	2	5	3	3	7.18	622	201	93
286749	Hansa Teutonica: Big Box	286749/hansa-teutonica-big-box	2020	2.82	12	45	90	3	5	5	5	8.43	1982	389	161
286751	Zombicide: 2nd Edition	286751/zombicide-2nd-edition	2021	2.49	14	60	60	1	6	3	3	8.15	1374	338	308
286827	Decktective: Bloody-Red Roses	286827/decktective-bloody-red-roses	2019	1.19	12	60	60	1	6	3	3	6.52	562	109	12
287084	Oriflamme	287084/oriflamme	2019	1.63	10	15	30	3	5	4	4	7.18	2379	346	93
287954	Azul: Summer Pavilion	287954/azul-summer-pavilion	2019	2.03	8	30	45	2	4	2	3	7.76	10584	1365	292
288513	Tranquility	288513/tranquility	2020	1.46	8	15	20	1	5	0	0	7.08	1247	295	88
290236	Canvas	290236/canvas	2021	1.65	14	30	30	1	5	0	0	7.5	4165	961	1388
290359	Undaunted: North Africa	290359/undaunted-north-africa	2020	2.32	14	45	60	2	2	2	2	7.93	1908	443	205
291457	Gloomhaven: Jaws of the Lion	291457/gloomhaven-jaws-lion	2020	3.58	14	30	120	1	4	2	2	8.66	17517	2656	1851
291508	Tiny Epic Dinosaurs	291508/tiny-epic-dinosaurs	2020	2.56	14	30	60	1	4	0	0	7.41	2150	495	575
291572	Oath: Chronicles of Empire and Exile	291572/oath-chronicles-empire-and-exile	2021	4.01	10	45	150	1	6	4	4	7.97	3147	905	1075
291847	Mantis Falls	291847/mantis-falls	2021	2.58	14	60	90	2	3	2	2	7.57	503	160	170
291859	Riftforce	291859/riftforce	2021	2.2	10	20	30	2	2	2	2	7.58	982	171	88
292375	The Great Wall	292375/great-wall	2021	3.69	13	120	180	1	4	3	3	7.98	945	406	340
293014	Nidavellir	293014/nidavellir	2020	2.14	10	45	45	2	5	3	3	7.72	6935	1014	310
293141	King of Tokyo: Dark Edition	293141/king-tokyo-dark-edition	2020	1.65	8	30	30	2	6	4	5	7.8	3242	477	214
293296	Splendor: Marvel	293296/splendor-marvel	2020	1.93	10	30	30	2	4	2	3	7.69	2003	300	98
293531	Detective: A Modern Crime Board Game – Season One	293531/detective-modern-crime-board-game-season-one	2020	2.06	12	90	120	1	5	2	2	7.02	761	156	47
293678	Stellar	293678/stellar	2020	2.18	8	30	30	2	2	2	2	7.47	741	176	60
293889	Fallout Shelter: The Board Game	293889/fallout-shelter-board-game	2020	2.06	14	60	90	2	4	3	3	7.31	1900	318	114
294484	Unmatched: Cobble & Fog	294484/unmatched-cobble-fog	2020	1.96	9	20	40	2	4	2	2	8.22	2977	393	197
295486	My City	295486/my-city	2020	2.03	10	30	30	2	4	4	4	7.82	5093	858	254
295488	Andor: The Family Fantasy Game	295488/andor-family-fantasy-game	2020	2.0	7	30	45	2	4	4	4	7.44	558	134	60
295607	Canopy	295607/canopy	2021	2.09	8	30	30	1	4	2	2	7.64	719	231	136
295947	Cascadia	295947/cascadia	2021	1.93	10	30	45	1	4	2	3	8.08	6110	1202	587
295948	Aqualin	295948/aqualin	2020	1.62	10	20	20	2	2	2	2	7.03	807	192	43
295957	Holi: Festival of Colors	295957/holi-festival-colors	2020	2.1	13	20	40	2	4	0	0	6.97	464	123	40
296100	Rococo: Deluxe Edition	296100/rococo-deluxe-edition	2020	3.03	14	60	120	1	5	3	3	8.3	1806	393	192
296151	Viscounts of the West Kingdom	296151/viscounts-west-kingdom	2020	3.44	12	60	90	1	4	3	3	7.97	5912	922	525
296237	Warp's Edge	296237/warps-edge	2020	2.43	10	30	45	1	1	1	1	7.87	1304	334	191
296912	Fort	296912/fort	2020	2.44	10	20	40	2	4	3	3	7.27	5371	912	359
297030	Tekhenu: Obelisk of the Sun	297030/tekhenu-obelisk-sun	2020	4.09	14	60	120	1	4	3	3	7.85	3910	671	366
297562	Kemet: Blood and Sand	297562/kemet-blood-and-sand	2021	3.14	13	90	120	2	5	4	4	8.19	1958	487	393
297978	Mariposas	297978/mariposas	2020	2.16	14	45	75	2	5	3	4	6.98	3204	584	241
298047	Marvel United	298047/marvel-united	2020	1.82	14	40	40	1	4	3	3	7.67	4840	945	478
298065	Santa Monica	298065/santa-monica	2020	2.18	14	35	40	2	4	0	0	7.36	2632	458	142
298069	Cubitos	298069/cubitos	2021	2.16	10	30	60	2	4	4	4	7.61	3529	558	225
298102	Roll Camera!: The Filmmaking Board Game	298102/roll-camera-filmmaking-board-game	2021	2.14	11	45	90	1	4	3	3	7.79	573	202	125
298371	Wild Space	298371/wild-space	2020	2.15	10	15	40	1	5	1	3	7.37	1339	221	72
298378	Maharaja	298378/maharaja	2021	2.82	14	90	90	1	4	4	4	6.93	369	125	217
298383	Golem	298383/golem	2021	3.92	14	90	120	1	4	2	3	7.6	757	183	176
298638	Sheriff of Nottingham: 2nd Edition	298638/sheriff-nottingham-2nd-edition	2020	1.93	14	60	60	3	6	5	5	7.52	843	136	47
299027	Colt Super Express	299027/colt-super-express	2020	1.1	7	15	20	3	7	5	6	6.92	760	160	28
299047	Disney Villainous: Perfectly Wretched	299047/disney-villainous-perfectly-wretched	2020	2.31	10	40	60	2	3	3	3	7.8	1887	293	128
299169	Spicy	299169/spicy	2020	1.49	10	15	20	2	6	5	5	7.22	2264	345	116
299255	Vienna Connection	299255/vienna-connection	2021	2.0	16	120	180	1	5	2	2	7.5	410	127	71
299571	Bandida	299571/bandida	2020	1.57	6	15	15	1	4	2	3	6.6	474	83	11
299592	Beez	299592/beez	2020	1.78	8	30	45	2	4	3	4	6.94	850	190	80
299659	Clash of Cultures: Monumental Edition	299659/clash-cultures-monumental-edition	2021	3.68	14	180	240	2	4	3	4	8.6	1143	229	263
299684	Khôra: Rise of an Empire	299684/khora-rise-empire	2021	2.76	14	75	75	2	4	4	4	7.58	1275	233	96
299960	Alma Mater	299960/alma-mater	2020	3.74	12	90	150	2	4	4	4	7.53	1757	364	159
300001	Renature	300001/renature	2020	2.19	8	45	60	2	4	3	3	7.28	1338	303	92
300010	Dragomino	300010/dragomino	2020	1.13	5	15	15	2	4	3	4	7.17	857	206	33
300300	Chronicles of Crime: 1400	300300/chronicles-crime-1400	2020	2.1	14	60	90	1	4	2	2	7.89	2163	482	230
300322	Hallertau	300322/hallertau	2020	3.29	12	50	140	1	4	2	2	8.06	3157	616	271
300327	The Castles of Tuscany	300327/castles-tuscany	2020	2.19	10	45	60	2	4	3	3	7.34	2115	427	143
300531	Paleo	300531/paleo	2020	2.63	10	45	60	1	4	2	3	7.84	4858	693	402
300751	Mini Express	300751/mini-express	2021	2.39	8	30	45	1	5	1	4	7.27	515	150	36
300753	Cross Clues	300753/cross-clues	2020	1.06	7	5	10	2	6	4	4	7.4	1315	206	32
300877	New York Zoo	300877/new-york-zoo	2020	2.0	10	30	60	1	5	3	3	7.24	3889	614	176
300930	Schotten Totten 2	300930/schotten-totten-2	2020	1.93	8	20	20	2	2	2	2	7.27	560	130	30
300936	Via Magica	300936/magica	2020	1.45	7	30	30	2	6	3	3	6.79	1040	181	32
301255	Whistle Mountain	301255/whistle-mountain	2020	2.98	14	60	90	2	4	3	3	7.78	1804	348	128
301716	Glasgow	301716/glasgow	2020	2.1	10	30	30	2	2	2	2	7.21	1126	226	57
301767	Mysterium Park	301767/mysterium-park	2020	1.56	10	30	45	2	6	4	4	7.29	2086	355	94
301880	Raiders of Scythia	301880/raiders-scythia	2020	2.66	12	60	80	1	4	0	0	7.91	2728	530	287
302260	Abandon All Artichokes	302260/abandon-all-artichokes	2020	1.32	10	20	20	2	4	4	4	6.72	2575	493	59
302336	Marvel Villainous: Infinite Power	302336/marvel-villainous-infinite-power	2020	2.7	12	40	80	2	4	3	3	6.99	1297	225	137
302388	Back to the Future: Back in Time	302388/back-future-back-time	2020	2.3	10	50	50	2	4	2	2	7.32	1760	400	181
302723	Forgotten Waters	302723/forgotten-waters	2020	2.11	14	120	240	3	7	5	5	8.02	3606	716	393
303551	Polis	303551/polis	2020	3.84	12	60	120	2	2	2	2	8.35	412	104	91
303553	Skulls of Sedlec	303553/skulls-sedlec	2020	1.38	8	20	20	2	3	2	2	7.52	783	230	44
303672	Trek 12: Himalaya	303672/trek-12-himalaya	2020	1.39	8	15	30	1	50	3	4	7.0	1104	169	61
304285	Infinity Gauntlet: A Love Letter Game	304285/infinity-gauntlet-love-letter-game	2020	1.19	10	15	15	2	6	4	4	7.12	1913	299	68
304420	Bonfire	304420/bonfire	2020	3.63	12	70	100	1	4	3	3	7.81	3835	645	238
304783	Hadrian's Wall	304783/hadrians-wall	2021	3.12	12	30	60	1	6	1	1	8.14	2323	469	269
305096	Endless Winter: Paleoamericans	305096/endless-winter-paleoamericans	2022	3.16	12	60	120	1	4	4	4	7.85	363	394	791
305682	Rolling Realms	305682/rolling-realms	2021	1.88	14	30	30	1	6	1	2	7.27	1319	291	128
305761	Whale Riders	305761/whale-riders	2021	1.95	8	30	45	2	6	4	5	7.13	573	170	56
306040	Merv: The Heart of the Silk Road	306040/merv-heart-silk-road	2020	3.43	14	90	90	1	4	4	4	7.67	2322	407	186
306735	Under Falling Skies	306735/under-falling-skies	2020	2.45	12	20	40	1	1	1	1	7.89	5512	940	449
307002	Regicide	307002/regicide	2020	2.13	10	10	30	1	4	3	4	7.56	1257	331	194
307305	Bullet♥︎	307305/bullet	2021	2.06	13	10	20	1	4	0	0	7.75	1241	297	144
308765	Praga Caput Regni	308765/praga-caput-regni	2020	3.73	12	45	150	1	4	3	3	8.08	4802	711	388
309430	Tiny Epic Pirates	309430/tiny-epic-pirates	2021	2.77	14	30	60	1	4	3	3	7.17	1074	305	529
309630	Small World of Warcraft	309630/small-world-warcraft	2020	2.49	8	40	80	2	5	4	4	7.49	1745	273	212
310100	Nemesis: Lockdown	310100/nemesis-lockdown	2021	3.7	12	90	180	1	5	0	0	8.58	521	392	336
310448	Zombie Teenz Evolution	310448/zombie-teenz-evolution	2020	1.45	8	15	25	2	4	3	4	7.89	850	161	67
310873	Carnegie	310873/carnegie	2022	3.83	12	120	180	1	4	2	2	7.73	1118	400	593
311193	Anno 1800	311193/anno-1800	2020	3.17	12	120	120	2	4	3	3	7.86	3073	524	242
312251	Curious Cargo	312251/curious-cargo	2020	3.2	12	30	60	2	2	2	2	7.29	1342	283	105
312267	Star Wars: Unlock!	312267/star-wars-unlock	2020	1.86	10	60	60	1	6	2	2	7.11	1757	333	40
312484	Lost Ruins of Arnak	312484/lost-ruins-arnak	2020	2.87	12	30	120	1	4	3	3	8.12	19775	2677	1422
312804	Pendulum	312804/pendulum	2020	2.91	12	60	90	1	5	3	3	6.63	1317	315	197
313963	Cloud City	313963/cloud-city	2020	1.2	10	30	60	2	4	2	2	6.69	784	137	28
314040	Pandemic Legacy: Season 0	314040/pandemic-legacy-season-0	2020	3.03	14	45	60	2	4	0	0	8.62	4008	666	259
314088	Agropolis	314088/agropolis	2021	1.85	8	15	20	1	4	1	1	7.6	959	362	74
314491	Meadow	314491/meadow	2021	2.22	10	60	90	1	4	2	2	7.86	3119	512	310
314503	Codex Naturalis	314503/codex-naturalis	2021	1.83	7	20	30	1	4	2	3	7.23	1587	247	88
315043	Scape Goat	315043/scape-goat	2020	1.63	14	30	30	3	6	4	5	7.15	373	104	27
315196	Dungeons & Dragons: Adventure Begins	315196/dungeons-dragons-adventure-begins	2020	1.36	10	0	0	2	4	4	4	6.45	387	113	41
315767	Cartographers Heroes	315767/cartographers-heroes	2021	2.14	10	30	45	1	100	3	4	8.0	1179	309	126
316080	KeyForge: Dark Tidings	316080/keyforge-dark-tidings	2021	2.8	14	15	45	2	2	2	2	8.01	230	49	20
316377	7 Wonders (Second Edition)	316377/7-wonders-second-edition	2020	2.23	10	30	30	3	7	4	5	8.07	2434	318	162
316412	The LOOP	316412/loop	2020	2.66	12	60	60	1	4	2	2	7.91	1132	236	173
316554	Dune: Imperium	316554/dune-imperium	2020	2.98	14	60	120	1	4	3	4	8.33	17351	2493	1652
316858	CloudAge	316858/cloudage	2020	2.77	10	60	100	1	4	3	3	7.42	1348	301	199
317231	Monasterium	317231/monasterium	2020	3.22	12	60	120	2	4	3	3	7.48	682	135	67
317457	Dinosaur World	317457/dinosaur-world	2021	3.3	10	60	120	2	4	3	3	7.59	1477	458	284
317504	Mandala Stones	317504/mandala-stones	2021	1.77	10	30	30	2	4	2	2	7.12	839	145	34
317985	Beyond the Sun	317985/beyond-sun	2020	3.1	14	60	120	2	4	3	3	8.02	5895	980	411
318084	Furnace	318084/furnace	2021	2.22	12	30	60	2	4	3	4	7.51	3726	633	203
318182	Imperium: Legends	318182/imperium-legends	2021	3.67	14	60	120	1	4	1	1	7.99	1219	266	149
318184	Imperium: Classics	318184/imperium-classics	2021	3.52	14	60	120	1	4	1	2	7.83	2225	513	287
318560	Witchstone	318560/witchstone	2021	2.71	12	60	90	2	4	3	3	7.76	1132	204	79
318977	MicroMacro: Crime City	318977/micromacro-crime-city	2020	1.12	12	15	45	1	4	2	2	7.7	7666	1078	311
318983	Faiyum	318983/faiyum	2020	3.16	12	110	140	1	5	4	4	7.62	1257	268	141
319793	Happy City	319793/happy-city	2021	1.26	10	20	30	2	5	3	4	6.58	1004	167	30
319966	The King Is Dead: Second Edition	319966/king-dead-second-edition	2020	2.12	14	30	45	2	4	3	3	7.82	2988	526	191
321277	TinnersTrail	321277/tinners-trail	2021	2.87	14	60	90	1	5	3	3	7.45	657	216	80
323612	Bitoku	323612/bitoku	2021	3.65	12	120	120	1	4	3	3	8.06	1175	249	328
324856	The Crew: Mission Deep Sea	324856/crew-mission-deep-sea	2021	2.03	10	20	20	2	5	4	4	8.42	4034	660	188
325348	Successors (Fourth Edition)	325348/successors-fourth-edition	2021	3.72	12	300	300	2	5	4	5	8.46	181	102	85
325635	Unmatched: Little Red Riding Hood vs. Beowulf	325635/unmatched-little-red-riding-hood-vs-beowulf	2020	2.0	9	20	20	2	2	2	2	8.4	835	133	68
325698	Juicy Fruits	325698/juicy-fruits	2021	1.97	8	20	50	1	4	2	3	7.23	952	166	48
326494	The Adventures of Robin Hood	326494/adventures-robin-hood	2021	1.78	10	60	60	2	4	0	0	7.83	1273	246	184
327831	Lost Cities: Roll & Write	327831/lost-cities-roll-write	2021	1.14	8	30	30	2	5	3	3	7.07	349	77	20
328479	Living Forest	328479/living-forest	2021	2.18	8	40	40	2	4	0	0	7.48	515	106	49
328871	Terraforming Mars: Ares Expedition	328871/terraforming-mars-ares-expedition	2021	2.91	14	45	60	1	4	3	3	7.77	5743	1300	441
329082	Radlands	329082/radlands	2021	2.25	14	20	40	2	2	2	2	8.38	1734	448	299
329450	Equinox	329450/equinox	2021	2.0	10	40	60	2	5	3	3	7.0	512	156	33
329465	Red Rising	329465/red-rising	2021	2.27	14	45	60	1	6	3	3	7.2	4142	812	426
329839	So Clover!	329839/so-clover	2021	1.1	10	30	30	3	6	4	4	7.6	1463	247	37
329845	Stella: Dixit Universe	329845/stella-dixit-universe	2021	1.16	8	30	30	3	6	4	6	7.37	598	106	35
330036	Great Plains	330036/great-plains	2021	1.73	10	20	20	2	2	2	2	7.34	430	103	38
330038	Llamaland	330038/llamaland	2021	2.04	10	45	45	2	4	2	2	7.47	783	124	46
332800	Summoner Wars (Second Edition)	332800/summoner-wars-second-edition	2021	2.51	9	40	60	2	2	2	2	8.38	1219	252	179
335609	TEN	335609/ten	2021	1.31	10	15	30	1	5	4	4	7.24	786	161	44
335764	Unmatched: Battle of Legends, Volume Two	335764/unmatched-battle-legends-volume-two	2022	2.17	9	20	40	2	4	2	2	8.65	190	52	37
336794	Galaxy Trucker	336794/galaxy-trucker	2021	2.3	8	20	30	2	4	3	3	7.77	994	188	90
338760	Imperial Steam	338760/imperial-steam	2021	4.12	12	120	120	2	4	4	4	7.83	579	141	76
338834	MicroMacro: Crime City – Full House	338834/micromacro-crime-city-full-house	2021	1.24	10	15	45	1	4	2	2	7.93	1040	179	55
338957	Caesar!: Seize Rome in 20 Minutes!	338957/caesar-seize-rome-20-minutes	2022	1.67	14	20	20	1	2	1	2	7.7	157	67	55
339789	Welcome to the Moon	339789/welcome-moon	2021	2.41	10	25	30	1	6	1	6	8.24	764	155	72
340466	Unfathomable	340466/unfathomable	2021	2.91	14	120	240	3	6	5	5	7.88	1595	354	302
341169	Great Western Trail (Second Edition)	341169/great-western-trail-second-edition	2021	3.62	12	75	150	1	4	3	3	8.63	1405	269	155
342848	World of Warcraft: Wrath of the Lich King	342848/world-warcraft-wrath-lich-king	2021	2.03	14	45	60	1	5	3	3	7.71	881	171	137
342942	Ark Nova	342942/ark-nova	2021	3.76	14	90	150	1	4	2	2	8.71	3310	712	616
343905	Boonlake	343905/boonlake	2021	3.7	14	80	160	1	4	3	3	7.85	1295	269	152
344258	That Time You Killed Me	344258/time-you-killed-me	2021	2.67	10	15	30	2	2	2	2	7.91	248	70	61
346703	7 Wonders: Architects	346703/7-wonders-architects	2021	1.39	8	25	25	2	7	4	4	7.07	2753	491	127
346965	Azul: Queen's Garden	346965/azul-queens-garden	2021	3.0	10	45	60	2	4	2	2	7.65	298	111	83
