id	rank	position
1	Overall	328
1	Strategy 	189
3	Overall	234
3	Strategy 	171
11	Overall	478
11	Family 	121
13	Overall	439
13	Family 	134
13	Strategy 	418
41	Overall	755
41	Family 	205
54	Overall	288
54	Strategy 	212
118	Overall	224
118	Strategy 	165
150	Overall	411
150	Family 	80
150	Party 	21
220	Overall	549
220	Family 	128
372	Overall	401
372	Family 	75
432	Overall	610
432	Family 	168
438	Overall	1329
438	Family 	440
478	Overall	433
478	Family 	117
478	Strategy 	346
483	Overall	662
483	War 	255
483	Strategy 	496
545	Overall	3203
545	Party 	176
568	Overall	3758
568	Family 	1116
651	Overall	3920
651	Family 	1091
686	Overall	4186
686	Strategy 	1539
699	Overall	597
699	Thematic	192
811	Overall	1660
811	Family 	582
822	Overall	197
822	Family 	42
823	Overall	948
823	Thematic	281
833	Overall	1004
833	War 	42
1111	Overall	2030
1111	Party 	209
1198	Overall	1489
1198	Family 	499
1198	Abstract 	158
1321	Overall	9656
1321	Children's 	161
1382	Overall	905
1382	Family 	225
1403	Overall	1271
1403	Family 	349
1502	Overall	21682
1502	Family 	2285
1662	Overall	1565
1662	War 	129
1927	Overall	4880
1927	Party 	572
1927	Thematic	1155
2266	Overall	2472
2266	Abstract 	131
2346	Overall	512
2346	Abstract 	11
2379	Overall	5546
2379	Party 	405
2381	Overall	2423
2381	Party 	259
2452	Overall	10427
2452	Party 	574
2651	Overall	49
2651	Strategy 	51
2653	Overall	301
2653	Family 	59
2719	Overall	22076
2719	Abstract 	1129
2719	Children's 	836
2767	Overall	21885
2767	Children's 	766
2921	Overall	22100
2921	Family 	2366
2944	Overall	6308
2944	Party 	460
2944	Children's 	297
2955	Overall	631
2955	Strategy 	384
3076	Overall	34
3076	Strategy 	38
3337	Overall	14988
3337	Family 	2064
3337	Party 	526
3685	Overall	509
3685	War 	51
3955	Overall	1356
3955	Party 	175
4209	Overall	2188
4209	Children's 	40
4324	Overall	4535
4324	Thematic	878
4390	Overall	535
4390	Family 	125
5588	Overall	22072
5588	Children's 	865
5641	Overall	9424
5641	Party 	523
5641	Thematic	1168
5770	Overall	4002
5770	Children's 	94
5782	Overall	584
5782	Family 	149
5867	Overall	2244
5867	Family 	659
6249	Overall	498
6249	Family 	122
6249	Strategy 	363
6424	Overall	22086
6424	Children's 	873
6931	Overall	3847
6931	Abstract 	237
8098	Overall	1477
8098	Party 	142
8172	Overall	2426
8172	Party 	134
8924	Overall	2649
8924	Party 	196
8924	Children's 	55
9220	Overall	1174
9220	Family 	381
9220	Party 	124
9441	Overall	1776
9441	Family 	510
9441	Children's 	31
10206	Overall	4988
10206	Family 	1343
10206	Party 	358
10547	Overall	567
10547	Thematic	217
11825	Overall	748
11825	War 	9
12333	Overall	13
12333	War 	2
12333	Strategy 	11
12589	Overall	1783
12589	Family 	470
12589	Strategy 	911
12616	Overall	21522
12616	Children's 	618
12942	Overall	473
12942	Family 	111
13230	Overall	4877
13230	Children's 	133
13328	Overall	10687
13328	Abstract 	860
14105	Overall	171
14105	War 	21
14996	Overall	137
14996	Family 	25
15512	Overall	767
15512	Family 	214
15817	Overall	884
15817	Family 	221
15818	Overall	1303
15818	Family 	401
15878	Overall	6516
15878	Family 	1632
15987	Overall	374
15987	Thematic	124
16986	Overall	1149
16986	Family 	327
16986	Abstract 	78
17025	Overall	1999
17025	Family 	624
17027	Overall	3951
17027	Family 	1192
17329	Overall	991
17329	Children's 	17
17392	Overall	323
17392	War 	13
18723	Overall	5595
18723	Party 	458
18803	Overall	3522
18803	Party 	325
19841	Overall	2350
19841	Abstract 	174
20545	Overall	2633
20545	Family 	863
20545	Party 	255
21050	Overall	179
21050	War 	8
22348	Overall	1530
22348	Party 	71
22889	Overall	21408
22889	Family 	2259
22889	Party 	593
22889	Children's 	569
23658	Overall	9331
23658	Children's 	201
24508	Overall	566
24508	Abstract 	30
24508	Strategy 	369
25021	Overall	170
25021	War 	5
25071	Overall	2946
25071	Thematic	698
25821	Overall	1121
25821	Party 	99
26859	Overall	8590
26859	Party 	537
27225	Overall	1854
27225	Family 	652
27627	Overall	1603
27627	Thematic	485
27710	Overall	6801
27710	Family 	1727
28023	Overall	531
28023	Family 	131
28143	Overall	67
28143	Strategy 	61
28238	Overall	15227
28238	Children's 	373
29223	Overall	1474
29223	Family 	430
29387	Overall	3834
29387	Family 	1305
29387	Party 	423
30549	Overall	110
30549	Family 	18
30549	Strategy 	124
31260	Overall	39
31260	Strategy 	42
34635	Overall	130
34635	Family 	21
34635	Strategy 	118
35677	Overall	55
35677	Strategy 	49
36218	Overall	106
36218	Strategy 	110
37400	Overall	2421
37400	Family 	725
37836	Overall	996
37836	War 	41
38032	Overall	2723
38032	Family 	770
39683	Overall	330
39683	Strategy 	221
39856	Overall	308
39856	Party 	22
40834	Overall	88
40834	Strategy 	85
40990	Overall	2006
40990	Party 	130
41010	Overall	1579
41010	Children's 	33
41114	Overall	309
41114	Party 	26
41496	Overall	14546
41496	Children's 	317
41863	Overall	1761
41863	War 	433
41916	Overall	1146
41916	Family 	308
41916	Children's 	11
43570	Overall	442
43570	Strategy 	332
43578	Overall	4039
43578	Children's 	87
43868	Overall	1521
43868	Family 	457
43868	Thematic	374
54043	Overall	150
54043	Family 	28
54307	Overall	1919
54307	Family 	526
54307	Strategy 	969
56692	Overall	835
56692	Family 	210
59959	Overall	300
59959	Thematic	93
59959	Strategy 	224
62219	Overall	78
62219	Strategy 	59
62871	Overall	2214
62871	Party 	282
63268	Overall	1207
63268	Party 	114
65244	Overall	778
65244	Family 	240
65814	Overall	6999
65814	Family 	1623
65814	Children's 	190
66056	Overall	893
66056	Strategy 	597
66188	Overall	376
66188	Family 	73
66188	Strategy 	263
66589	Overall	259
66589	Strategy 	169
67239	Overall	1720
67239	Strategy 	930
67492	Overall	973
67492	War 	180
67492	Thematic	208
68425	Overall	643
68425	Strategy 	423
68448	Overall	75
68448	Family 	10
68448	Strategy 	73
69789	Overall	644
69789	Strategy 	461
70149	Overall	161
70149	Strategy 	111
70512	Overall	588
70512	Strategy 	340
72287	Overall	873
72287	Strategy 	572
73439	Overall	87
73439	Strategy 	72
77423	Overall	143
77423	Customizable	7
80771	Overall	2192
80771	Family 	654
80771	Thematic	463
83195	Overall	1185
83195	Family 	335
83330	Overall	419
83330	Thematic	121
84732	Overall	2636
84732	Family 	733
84876	Overall	15
84876	Strategy 	15
84889	Overall	2975
84889	Thematic	483
86955	Overall	3235
86955	Thematic	712
87890	Overall	628
87890	Strategy 	356
89415	Overall	3725
89415	Family 	1055
91514	Overall	781
91514	Family 	208
91514	Children's 	10
91534	Overall	3416
91534	Family 	1075
92828	Overall	241
92828	Party 	12
93971	Overall	3473
93971	Family 	953
96713	Overall	2874
96713	Family 	874
97207	Overall	244
97207	Thematic	71
97207	Strategy 	179
98778	Overall	432
98778	Family 	113
100901	Overall	382
100901	Family 	87
100901	Thematic	122
103091	Overall	4109
103091	Family 	1120
103091	Strategy 	1551
103885	Overall	129
103885	War 	53
103885	Customizable	10
104006	Overall	177
104006	Strategy 	134
104162	Overall	141
104162	Thematic	44
104347	Overall	1097
104347	Family 	280
104347	Strategy 	637
105134	Overall	404
105134	Strategy 	286
106753	Overall	6268
106753	Party 	390
107529	Overall	590
107529	Family 	152
107529	Strategy 	424
108745	Overall	240
108745	Strategy 	184
109276	Overall	202
109276	Strategy 	119
112869	Overall	3525
112869	Party 	293
113924	Overall	540
113924	Thematic	171
115233	Overall	3403
115233	Family 	988
117663	Overall	3449
117663	Family 	1026
117985	Overall	1186
117985	Family 	318
117985	Strategy 	744
117995	Overall	4555
117995	Children's 	99
118048	Overall	131
118048	Strategy 	106
118247	Overall	3225
118247	Abstract 	230
118410	Overall	4443
118410	Family 	1257
118410	Children's 	129
118705	Overall	2155
118705	Family 	626
118705	Party 	115
119890	Overall	313
119890	Strategy 	219
120515	Overall	20251
120515	Family 	2228
120677	Overall	21
120677	Strategy 	19
121073	Overall	4085
121073	Family 	1186
121073	Party 	320
122515	Overall	82
122515	Strategy 	67
123260	Overall	172
123260	Strategy 	133
123540	Overall	611
123540	Family 	175
123570	Overall	1470
123570	Family 	400
123570	Party 	85
124361	Overall	19
124361	Strategy 	18
124742	Overall	64
124742	Customizable	4
124847	Overall	2931
124847	Family 	854
124847	Thematic	554
125153	Overall	58
125153	Strategy 	45
125311	Overall	2361
125311	Abstract 	135
126163	Overall	48
126163	Strategy 	46
127024	Overall	1210
127024	Thematic	326
128667	Overall	1689
128667	Family 	531
128671	Overall	386
128671	Thematic	97
128882	Overall	156
128882	Party 	9
130592	Overall	5351
130592	Family 	1478
131260	Overall	817
131260	Family 	218
131357	Overall	548
131357	Party 	46
131493	Overall	5920
131493	Family 	1422
131493	Children's 	62
131835	Overall	2128
131835	Family 	809
132018	Overall	647
132018	War 	49
132018	Strategy 	347
133473	Overall	487
133473	Family 	124
133848	Overall	455
133848	Strategy 	307
135649	Overall	2731
135649	Family 	811
135649	Children's 	53
139030	Overall	1259
139030	Party 	111
140620	Overall	231
140620	Strategy 	163
140934	Overall	286
140934	Family 	54
142325	Overall	2945
142325	Family 	883
142325	Party 	216
142334	Overall	7194
142334	Party 	463
143157	Overall	2384
143157	Family 	686
143519	Overall	542
143519	Strategy 	345
143693	Overall	282
143693	Strategy 	188
143741	Overall	625
143741	Party 	47
144797	Overall	456
144797	Strategy 	260
145599	Overall	5607
145599	Thematic	770
145599	Strategy 	1860
145639	Overall	986
145639	Family 	247
145639	Children's 	8
146021	Overall	91
146021	Thematic	30
146149	Overall	3899
146149	Party 	275
146439	Overall	276
146439	War 	55
146816	Overall	1644
146816	Family 	408
147020	Overall	128
147020	Strategy 	121
147151	Overall	830
147151	Party 	60
147949	Overall	470
147949	Party 	39
148228	Overall	188
148228	Family 	37
148729	Overall	1057
148729	Thematic	213
148729	Strategy 	599
148943	Overall	1327
148943	Party 	67
150145	Overall	461
150145	Family 	84
150485	Overall	7898
150485	Family 	1774
150658	Overall	407
150658	Family 	79
150658	Strategy 	285
152237	Overall	2823
152237	Family 	873
152470	Overall	1070
152470	Strategy 	589
154203	Overall	256
154203	Strategy 	197
154458	Overall	779
154458	Strategy 	460
154825	Overall	616
154825	Strategy 	303
154906	Overall	2087
154906	Family 	575
154906	Strategy 	1031
155068	Overall	217
155068	Thematic	49
155122	Overall	2974
155122	War 	444
155987	Overall	355
155987	Strategy 	262
156009	Overall	483
156009	Family 	110
156129	Overall	211
156129	Party 	10
156336	Overall	636
156336	Family 	165
156336	Strategy 	442
156786	Overall	6153
156786	Family 	1531
156878	Overall	6728
156878	Family 	1565
157354	Overall	74
157354	Strategy 	63
157526	Overall	1129
157526	Strategy 	668
158899	Overall	426
158899	Family 	102
159473	Overall	957
159473	War 	122
159473	Strategy 	540
159508	Overall	514
159508	Strategy 	316
159566	Overall	7934
159566	Children's 	258
159675	Overall	68
159675	Strategy 	47
160499	Overall	689
160499	Family 	187
160561	Overall	3661
160561	Strategy 	1467
161417	Overall	737
161417	Family 	198
161527	Overall	3900
161527	Family 	1053
161533	Overall	59
161533	Strategy 	40
161970	Overall	124
161970	Strategy 	108
162082	Overall	429
162082	Strategy 	280
162886	Overall	11
162886	Strategy 	10
163412	Overall	96
163412	Family 	14
163412	Abstract 	5
163967	Overall	288
163967	Strategy 	230
165722	Overall	254
165722	Family 	38
165722	Party 	7
166158	Overall	2891
166158	Family 	889
166158	Thematic	572
166298	Overall	8727
166298	Family 	1778
166384	Overall	740
166384	Party 	53
166571	Overall	1319
166571	Strategy 	659
167355	Overall	17
167355	Thematic	9
167791	Overall	4
167791	Strategy 	6
168215	Overall	4729
168215	Family 	1315
168435	Overall	656
168435	Family 	166
169426	Overall	208
169426	Strategy 	156
169654	Overall	691
169654	Family 	182
169786	Overall	14
169786	Strategy 	13
170561	Overall	532
170561	Family 	101
170561	Strategy 	328
171011	Overall	1526
171011	Family 	420
171233	Overall	927
171233	Strategy 	605
171623	Overall	72
171623	Strategy 	58
171668	Overall	459
171668	Thematic	131
172081	Overall	275
172081	Family 	50
172081	Thematic	78
172225	Overall	3443
172225	Party 	476
172242	Overall	2736
172242	Party 	359
172507	Overall	4931
172507	Family 	1287
172507	Children's 	69
172818	Overall	291
172818	Thematic	91
172931	Overall	1006
172931	Children's 	5
173090	Overall	1080
173090	Family 	307
173346	Overall	18
173346	Strategy 	20
174078	Overall	1614
174078	Family 	442
174430	Overall	1
174430	Thematic	1
174430	Strategy 	1
174476	Overall	3853
174476	Family 	1160
174476	Party 	289
174611	Overall	5594
174611	Family 	1405
175095	Overall	529
175095	Thematic	64
175324	Overall	1066
175324	Thematic	271
175636	Overall	6451
175636	Family 	1532
175640	Overall	121
175640	Strategy 	66
175914	Overall	33
175914	Strategy 	22
176189	Overall	203
176189	Thematic	57
176334	Overall	3950
176334	Strategy 	1523
176494	Overall	223
176494	Family 	44
176494	Strategy 	170
176734	Overall	253
176734	Strategy 	147
177478	Overall	887
177478	Strategy 	439
177659	Overall	2466
177659	Strategy 	1096
177736	Overall	22
177736	Strategy 	17
178570	Overall	2381
178570	Party 	164
178900	Overall	104
178900	Party 	2
179182	Overall	2454
179182	Strategy 	1147
179803	Overall	641
179803	Thematic	98
180020	Overall	1599
180020	Family 	546
180020	Party 	219
180901	Overall	2325
180901	Strategy 	1066
181304	Overall	295
181304	Family 	67
181304	Thematic	105
181345	Overall	1693
181345	Family 	489
181345	Children's 	37
181495	Overall	2630
181495	Thematic	451
181687	Overall	716
181687	Family 	160
181960	Overall	2303
181960	Family 	658
182094	Overall	3953
182094	Strategy 	1622
182189	Overall	1561
182189	Family 	437
182874	Overall	79
182874	Strategy 	60
183006	Overall	1171
183006	Family 	283
183231	Overall	1507
183231	Family 	394
183251	Overall	499
183251	Family 	104
183264	Overall	6506
183264	Family 	1534
183394	Overall	25
183394	Strategy 	24
183840	Overall	669
183840	Strategy 	458
184267	Overall	52
184267	Strategy 	37
184921	Overall	314
184921	Family 	53
185343	Overall	47
185343	Strategy 	39
186279	Overall	3367
186279	Party 	128
187617	Overall	274
187617	Thematic	43
188164	Overall	3204
188164	War 	215
188866	Overall	317
188866	Family 	49
188866	Thematic	70
191004	Overall	2034
191004	Children's 	25
191051	Overall	721
191051	Strategy 	419
191189	Overall	65
191189	Strategy 	55
191301	Overall	2358
191301	War 	390
191301	Thematic	434
191538	Overall	2831
191538	Children's 	35
191597	Overall	1157
191597	Family 	265
191597	Strategy 	619
191894	Overall	1301
191894	Party 	72
191925	Overall	2139
191925	Family 	672
192153	Overall	402
192153	Thematic	111
192153	Strategy 	297
192185	Overall	4099
192185	Family 	1129
192291	Overall	214
192291	Family 	43
192457	Overall	660
192457	Strategy 	413
192547	Overall	2972
192547	Family 	835
193042	Overall	451
193042	Family 	82
193042	Party 	16
193214	Overall	842
193214	Family 	203
193322	Overall	1965
193322	Strategy 	982
193560	Overall	2402
193560	Family 	706
194100	Overall	4370
194100	Family 	1214
194232	Overall	3915
194232	Party 	326
194594	Overall	369
194594	Family 	76
194626	Overall	1346
194626	Family 	382
194626	Party 	92
194655	Overall	204
194655	Family 	41
194655	Abstract 	12
194879	Overall	736
194879	Strategy 	494
195314	Overall	897
195314	Family 	219
195421	Overall	173
195421	Thematic	37
196496	Overall	1984
196496	War 	138
196526	Overall	872
196526	Strategy 	476
197070	Overall	972
197070	Thematic	224
197376	Overall	384
197376	Strategy 	278
197405	Overall	850
197405	Abstract 	23
197443	Overall	728
197443	Family 	162
198454	Overall	925
198454	Party 	45
198707	Overall	2571
198707	Thematic	414
198773	Overall	365
198773	Party 	23
198928	Overall	113
198928	Strategy 	91
198953	Overall	571
198953	Thematic	88
198953	Strategy 	279
198994	Overall	219
198994	Customizable	22
198994	Strategy 	173
199042	Overall	316
199042	Thematic	108
199042	Strategy 	271
199478	Overall	218
199478	Family 	39
199561	Overall	166
199561	Family 	29
199561	Abstract 	10
199792	Overall	28
199792	Family 	3
199792	Strategy 	32
199966	Overall	885
199966	Strategy 	487
200057	Overall	1249
200057	Strategy 	664
200077	Overall	881
200077	Strategy 	569
200847	Overall	2484
200847	Party 	163
200871	Overall	14010
200871	Children's 	292
201808	Overall	69
201808	Family 	9
201808	Strategy 	64
202408	Overall	819
202408	Thematic	200
202408	Strategy 	504
202670	Overall	731
202670	Family 	150
202977	Overall	1655
202977	Strategy 	895
202982	Overall	3521
202982	Party 	199
203102	Overall	2883
203102	Thematic	532
203416	Overall	586
203416	Family 	127
203416	Strategy 	358
203417	Overall	686
203417	Family 	155
203417	Thematic	160
203420	Overall	267
203420	Thematic	65
203430	Overall	1990
203430	Family 	590
203993	Overall	95
203993	Strategy 	69
204027	Overall	886
204027	Family 	237
204135	Overall	2033
204135	Family 	598
204305	Overall	341
204305	Thematic	69
204472	Overall	784
204472	Thematic	185
204505	Overall	1256
204505	Family 	317
204592	Overall	9002
204592	Children's 	242
205059	Overall	43
205059	Thematic	16
205359	Overall	537
205359	Customizable	26
205398	Overall	446
205398	Family 	97
205418	Overall	1238
205418	Family 	304
205418	Strategy 	697
205637	Overall	24
205637	Customizable	1
205637	Thematic	12
205907	Overall	2859
205907	War 	458
205907	Customizable	58
206051	Overall	1035
206051	Party 	42
206175	Overall	4016
206175	Party 	281
206480	Overall	671
206480	War 	15
206480	Strategy 	327
206931	Overall	1044
206931	Family 	257
206940	Overall	1514
206940	Family 	374
207572	Overall	1724
207572	War 	28
207910	Overall	3228
207910	Family 	898
207910	Thematic	563
207910	Strategy 	1371
209166	Overall	5229
209166	Family 	1318
209671	Overall	2491
209671	Thematic	456
209685	Overall	277
209685	Family 	52
209778	Overall	561
209778	Family 	147
210274	Overall	1643
210274	Strategy 	866
211534	Overall	21847
211534	Party 	625
212402	Overall	851
212402	Family 	217
212765	Overall	2493
212765	Family 	697
212765	Abstract 	109
214396	Overall	1532
214396	Family 	426
214887	Overall	696
214887	Strategy 	378
215311	Overall	371
215311	Family 	71
216070	Overall	1841
216070	Thematic	350
216201	Overall	1310
216201	Strategy 	764
216234	Overall	5243
216234	Abstract 	294
216459	Overall	797
216459	Thematic	205
216600	Overall	606
216600	Strategy 	344
216734	Overall	551
216734	Family 	118
217085	Overall	1205
217085	Family 	333
217085	Strategy 	747
217362	Overall	4114
217362	Family 	1122
217362	Abstract 	183
217372	Overall	149
217372	Family 	23
217475	Overall	4237
217475	Family 	1161
217553	Overall	5643
217553	Children's 	97
217949	Overall	3773
217949	Strategy 	1497
218121	Overall	771
218121	Family 	180
218121	Strategy 	480
218129	Overall	2586
218129	Family 	746
218208	Overall	2099
218208	Children's 	12
218293	Overall	1658
218293	Strategy 	870
218311	Overall	1904
218311	Party 	109
218311	Thematic	396
218603	Overall	497
218603	Family 	119
218603	Abstract 	39
219100	Overall	1159
219100	Thematic	221
219513	Overall	307
219513	Family 	55
220308	Overall	7
220308	Strategy 	7
220775	Overall	1978
220775	Party 	117
220780	Overall	3791
220780	Family 	1078
220784	Overall	5183
220784	Family 	1330
221155	Overall	3200
221155	Strategy 	1340
221194	Overall	162
221194	Thematic	45
221194	Strategy 	126
221965	Overall	458
221965	Family 	93
222509	Overall	265
222509	Strategy 	174
223040	Overall	264
223040	Family 	45
223049	Overall	1861
223049	Family 	515
223321	Overall	185
223321	Thematic	42
223770	Overall	1226
223770	Family 	299
223855	Overall	1128
223855	Strategy 	601
223931	Overall	1393
223931	Thematic	225
223953	Overall	789
223953	Family 	173
223953	Thematic	165
224272	Overall	2366
224272	Party 	167
224517	Overall	3
224517	Strategy 	2
225694	Overall	101
225694	Party 	1
225729	Overall	2386
225729	Thematic	477
226588	Overall	4184
226588	Family 	1140
226588	Party 	252
226588	Thematic	635
226610	Overall	22020
226610	Party 	635
226631	Overall	2940
226631	War 	574
226631	Thematic	510
227029	Overall	4401
227029	Family 	1199
227224	Overall	285
227224	Strategy 	175
227422	Overall	7111
227422	Party 	425
227466	Overall	2614
227466	Family 	707
228411	Overall	2013
228411	Strategy 	990
228504	Overall	922
228504	Family 	226
228855	Overall	1101
228855	Thematic	240
228959	Overall	2032
228959	Strategy 	960
229414	Overall	2453
229414	Strategy 	1102
229741	Overall	2725
229741	Abstract 	120
229853	Overall	71
229853	Strategy 	54
230085	Overall	1060
230085	Strategy 	567
230244	Overall	687
230244	Strategy 	396
230251	Overall	3364
230251	Family 	1007
230251	Strategy 	1462
230253	Overall	322
230253	Strategy 	192
230383	Overall	1659
230383	Family 	445
230802	Overall	60
230802	Family 	8
230802	Abstract 	2
231197	Overall	2620
231197	Thematic	480
231218	Overall	964
231218	Strategy 	543
231280	Overall	2179
231280	Family 	640
232303	Overall	4589
232303	Strategy 	1609
232414	Overall	457
232414	Strategy 	282
232918	Overall	1087
232918	Thematic	293
232979	Overall	3589
232979	Strategy 	1432
233020	Overall	1161
233020	Family 	322
233208	Overall	1948
233208	War 	297
233312	Overall	428
233312	Thematic	104
233371	Overall	107
233371	Family 	13
233371	Strategy 	88
233678	Overall	1409
233678	Family 	384
233896	Overall	3088
233896	Thematic	547
233961	Overall	1160
233961	Family 	290
234190	Overall	2930
234190	Party 	398
234396	Overall	2095
234396	Party 	122
234477	Overall	815
234477	War 	214
234477	Strategy 	452
235465	Overall	4586
235465	Family 	1223
235627	Overall	3458
235627	Family 	941
235655	Overall	2829
235655	Children's 	42
235922	Overall	2626
235922	Family 	735
236191	Overall	359
236191	Strategy 	213
236457	Overall	81
236457	Strategy 	70
237182	Overall	26
237182	War 	17
237182	Strategy 	29
237211	Overall	2267
237211	Strategy 	1133
238393	Overall	1574
238393	Strategy 	795
238799	Overall	1899
238799	Strategy 	877
238992	Overall	848
238992	Thematic	212
239188	Overall	186
239188	Thematic	48
239472	Overall	990
239472	Thematic	179
239472	Strategy 	555
239840	Overall	2117
239840	Family 	591
239942	Overall	633
239942	Strategy 	343
240567	Overall	1611
240567	Family 	403
240567	Strategy 	829
240855	Overall	1330
240855	Strategy 	679
241266	Overall	1011
241266	Family 	236
241477	Overall	1878
241477	Family 	508
241477	Children's 	7
241724	Overall	670
241724	Family 	156
241987	Overall	2040
241987	Strategy 	970
242302	Overall	194
242302	Family 	31
242324	Overall	4270
242324	Family 	1180
242324	Party 	263
242639	Overall	639
242639	Family 	140
242639	Thematic	156
242740	Overall	4650
242740	Children's 	41
243430	Overall	1921
243430	Family 	484
243759	Overall	1180
243759	Thematic	199
244114	Overall	750
244114	Strategy 	362
244115	Overall	655
244115	Strategy 	372
244191	Overall	1276
244191	Strategy 	695
244330	Overall	2981
244330	Family 	853
244331	Overall	846
244331	Family 	186
244331	Abstract 	29
244521	Overall	57
244521	Family 	7
244522	Overall	140
244522	Family 	19
244992	Overall	718
244992	Family 	206
244992	Party 	54
244995	Overall	1351
244995	Family 	362
245045	Overall	2130
245045	Thematic	413
245222	Overall	6756
245222	Abstract 	315
245444	Overall	5756
245444	Thematic	846
245476	Overall	1090
245476	Family 	277
245654	Overall	467
245654	Family 	92
245655	Overall	385
245655	Thematic	61
245658	Overall	2376
245658	Family 	664
245934	Overall	343
245934	Strategy 	208
246150	Overall	3286
246150	Family 	913
246192	Overall	334
246192	Family 	56
246200	Overall	1420
246200	Strategy 	752
246201	Overall	2587
246201	War 	361
246684	Overall	417
246684	Strategy 	236
246761	Overall	1333
246761	Family 	320
246784	Overall	273
246784	Family 	46
246784	Strategy 	190
246900	Overall	31
246900	Strategy 	16
247314	Overall	2986
247314	Children's 	14
247360	Overall	3654
247360	Family 	987
247360	Strategy 	1443
247367	Overall	555
247367	War 	167
247367	Strategy 	321
247567	Overall	8350
247567	Family 	1756
247567	Party 	447
247763	Overall	44
247763	Strategy 	33
248005	Overall	1810
248005	Strategy 	913
248125	Overall	1678
248125	Strategy 	851
248949	Overall	2355
248949	Thematic	421
249259	Overall	190
249259	Abstract 	6
249411	Overall	2255
249411	Strategy 	1048
249763	Overall	2043
249763	Family 	545
250396	Overall	2846
250396	Thematic	449
250561	Overall	2999
250561	Thematic	506
250881	Overall	1862
250881	Strategy 	879
251247	Overall	40
251247	Strategy 	25
251412	Overall	1123
251412	Family 	276
251658	Overall	399
251658	Family 	74
251678	Overall	712
251678	Family 	164
252153	Overall	735
252153	Family 	159
252526	Overall	1225
252526	Party 	34
252929	Overall	1384
252929	Family 	393
253214	Overall	1227
253214	Thematic	254
253664	Overall	2121
253664	Party 	144
254192	Overall	1597
254192	Thematic	358
254386	Overall	847
254386	Family 	181
254513	Overall	2497
254513	Family 	683
254591	Overall	1224
254591	Thematic	239
254619	Overall	3500
254619	Family 	938
254640	Overall	146
254640	Party 	3
254713	Overall	1371
254713	Strategy 	708
255984	Overall	135
255984	Thematic	19
256065	Overall	2898
256065	Family 	798
256226	Overall	345
256226	Family 	62
256226	Abstract 	15
256320	Overall	1717
256320	Family 	425
256320	Strategy 	859
256382	Overall	657
256382	Family 	183
256570	Overall	733
256570	Strategy 	395
256729	Overall	4711
256729	Family 	1280
256730	Overall	424
256730	Strategy 	238
256804	Overall	2750
256804	Party 	189
256852	Overall	2311
256852	Thematic	404
256883	Overall	4677
256883	Thematic	741
256916	Overall	152
256916	Strategy 	76
256952	Overall	508
256952	Family 	83
256952	Children's 	1
256960	Overall	46
256960	Strategy 	27
257058	Overall	2903
257058	Strategy 	1256
257066	Overall	2243
257066	Strategy 	1065
257273	Overall	10257
257273	Family 	1850
257273	Children's 	239
257499	Overall	297
257499	Thematic	66
257527	Overall	1482
257527	Party 	65
257582	Overall	3693
257582	Family 	1018
257614	Overall	1338
257614	Family 	344
257674	Overall	3402
257674	Thematic	553
258036	Overall	604
258036	Family 	129
258036	Strategy 	373
258074	Overall	2216
258074	Strategy 	1087
258244	Overall	5796
258244	Thematic	894
258309	Overall	2369
258309	Party 	104
258389	Overall	5729
258389	Strategy 	1797
258444	Overall	1442
258444	Family 	357
259081	Overall	1616
259081	Family 	424
259374	Overall	1826
259374	Party 	74
259809	Overall	3893
259809	Family 	1045
260147	Overall	5020
260147	War 	778
260147	Strategy 	1667
260180	Overall	627
260180	Family 	114
260180	Abstract 	13
260428	Overall	356
260428	Strategy 	211
260605	Overall	303
260605	Family 	47
260605	Party 	8
261114	Overall	1039
261114	Family 	239
262208	Overall	2385
262208	Family 	695
262215	Overall	480
262215	Strategy 	274
262477	Overall	2070
262477	Family 	592
262477	Abstract 	127
262543	Overall	405
262543	Party 	15
262547	Overall	2314
262547	Party 	101
262712	Overall	122
262712	Strategy 	100
264052	Overall	895
264052	Strategy 	457
264055	Overall	572
264055	Family 	132
264196	Overall	2738
264196	Strategy 	1323
264220	Overall	80
264220	Thematic	21
264239	Overall	2457
264239	Family 	715
264241	Overall	441
264241	Family 	69
264241	Abstract 	9
264982	Overall	1235
264982	Strategy 	632
265188	Overall	167
265188	Strategy 	101
265256	Overall	2244
265256	Family 	618
265256	Party 	116
265402	Overall	554
265402	Strategy 	299
265524	Overall	4814
265524	Family 	1331
265683	Overall	2264
265683	Family 	655
265736	Overall	342
265736	Family 	68
266083	Overall	1711
266083	Family 	528
266179	Overall	2857
266179	Strategy 	1233
266192	Overall	23
266192	Family 	1
266192	Strategy 	23
266507	Overall	30
266507	Thematic	7
266524	Overall	120
266524	Family 	16
266810	Overall	66
266810	Strategy 	51
266830	Overall	706
266830	Family 	136
266830	Party 	17
267009	Overall	2948
267009	Strategy 	1273
267058	Overall	3689
267058	War 	400
267319	Overall	908
267319	Family 	193
267378	Overall	1947
267378	Family 	518
267378	Abstract 	95
267475	Overall	3268
267475	Party 	140
267813	Overall	1506
267813	Thematic	319
268620	Overall	1457
268620	Family 	383
268864	Overall	195
268864	War 	37
268864	Thematic	41
269144	Overall	471
269144	Strategy 	283
269207	Overall	236
269207	Strategy 	168
269210	Overall	372
269210	Family 	57
269385	Overall	89
269385	Thematic	24
269511	Overall	569
269511	Strategy 	298
269526	Overall	3575
269526	Children's 	32
269595	Overall	1167
269595	Family 	278
269603	Overall	1654
269603	Family 	446
269623	Overall	9965
269623	Children's 	140
269725	Overall	1709
269725	Family 	468
270109	Overall	1601
270109	Strategy 	827
270168	Overall	3259
270168	Family 	895
270636	Overall	3719
270636	Family 	993
270836	Overall	2905
270836	Family 	879
270836	Strategy 	1326
270970	Overall	652
270970	Family 	126
270970	Strategy 	381
270971	Overall	962
270971	Family 	216
270971	Strategy 	541
271088	Overall	1329
271088	Family 	329
271088	Strategy 	728
271319	Overall	1479
271319	Family 	334
271324	Overall	133
271324	Strategy 	105
271518	Overall	666
271518	Family 	133
271530	Overall	2754
271530	Family 	765
271785	Overall	2661
271785	Family 	760
271785	Party 	150
271896	Overall	245
271896	Thematic	54
272438	Overall	3976
272438	Party 	240
272738	Overall	824
272738	Thematic	187
272739	Overall	952
272739	Strategy 	471
273330	Overall	878
273330	Thematic	139
274090	Overall	3067
274090	Family 	839
274450	Overall	2213
274450	Thematic	397
274533	Overall	2660
274533	Party 	207
274637	Overall	255
274637	Strategy 	166
274638	Overall	545
274638	Strategy 	290
274841	Overall	1688
274841	Family 	436
274841	Abstract 	68
274960	Overall	390
274960	Family 	77
275913	Overall	1563
275913	Strategy 	810
275916	Overall	2616
275916	Abstract 	88
276004	Overall	2993
276004	Strategy 	1293
276025	Overall	41
276025	Strategy 	31
276498	Overall	901
276498	Abstract 	26
276498	Strategy 	522
276830	Overall	1582
276830	Strategy 	833
276894	Overall	1010
276894	Family 	238
277085	Overall	517
277085	Family 	90
277085	Party 	18
277699	Overall	2263
277699	Family 	609
277699	Strategy 	1070
277700	Overall	1053
277700	Strategy 	560
279254	Overall	974
279254	Family 	234
279254	Strategy 	559
279537	Overall	175
279537	Strategy 	102
279613	Overall	803
279613	Thematic	110
280136	Overall	1621
280136	Party 	76
280304	Overall	5717
280304	Party 	344
280453	Overall	1703
280453	Strategy 	844
280480	Overall	719
280480	Strategy 	374
280789	Overall	2057
280789	Family 	607
281075	Overall	2050
281075	Family 	553
281075	Strategy 	1006
281194	Overall	1309
281194	Family 	305
281259	Overall	99
281259	Family 	11
281259	Strategy 	83
281466	Overall	1077
281466	Strategy 	516
281655	Overall	1231
281655	Thematic	174
281655	Strategy 	587
281946	Overall	1373
281946	Thematic	247
282171	Overall	3864
282171	Party 	337
282414	Overall	1708
282414	Strategy 	842
282853	Overall	1966
282853	Family 	478
283155	Overall	176
283155	Family 	26
283155	Abstract 	8
283211	Overall	3137
283211	Thematic	564
283355	Overall	213
283355	Thematic	39
283355	Strategy 	132
283387	Overall	2327
283387	Strategy 	1088
283863	Overall	785
283863	Strategy 	401
283864	Overall	763
283864	Family 	144
283948	Overall	151
283948	Strategy 	93
284083	Overall	45
284083	Family 	4
284108	Overall	1545
284108	Family 	367
284108	Party 	57
284333	Overall	3068
284333	Thematic	509
284378	Overall	108
284378	Strategy 	53
284435	Overall	546
284435	Abstract 	17
284584	Overall	1656
284584	Family 	416
284584	Strategy 	850
284653	Overall	1449
284653	Strategy 	705
284760	Overall	709
284760	Family 	146
284818	Overall	929
284818	Strategy 	490
284936	Overall	1787
284936	Abstract 	54
284936	Strategy 	891
284982	Overall	5579
284982	Strategy 	1801
285192	Overall	388
285192	Thematic	68
285533	Overall	1605
285533	Family 	358
285773	Overall	3626
285773	Thematic	636
285774	Overall	37
285774	Customizable	3
285894	Overall	2227
285894	Family 	562
285967	Overall	324
285967	Strategy 	178
286096	Overall	247
286096	Strategy 	186
286160	Overall	2991
286160	Strategy 	1266
286751	Overall	1067
286751	Thematic	195
286827	Overall	4562
286827	Thematic	694
287084	Overall	1173
287084	Family 	288
287084	Party 	59
287954	Overall	142
287954	Family 	17
287954	Abstract 	3
288513	Overall	2048
288513	Family 	561
290236	Overall	556
290236	Family 	105
290359	Overall	739
290359	War 	68
290359	Thematic	125
291457	Overall	5
291457	Thematic	3
291457	Strategy 	5
291508	Overall	1020
291508	Strategy 	576
291572	Overall	431
291572	Thematic	96
291572	Strategy 	257
291847	Overall	3072
291847	Thematic	536
291859	Overall	1807
291859	Customizable	68
292375	Overall	1578
292375	Strategy 	755
293014	Overall	230
293014	Family 	33
293014	Strategy 	143
293296	Overall	911
293296	Family 	184
293531	Overall	2863
293531	Thematic	520
293678	Overall	2229
293678	Strategy 	1051
293889	Overall	1237
293889	Family 	312
293889	Strategy 	690
294484	Overall	296
294484	Strategy 	167
295486	Overall	249
295486	Family 	35
295486	Strategy 	150
295488	Overall	2872
295488	Family 	805
295488	Children's 	6
295607	Overall	2144
295607	Family 	556
295947	Overall	123
295947	Family 	12
295947	Abstract 	1
295948	Overall	2713
295948	Abstract 	82
295957	Overall	3948
295957	Abstract 	142
296151	Overall	163
296151	Strategy 	103
296237	Overall	1083
296237	Strategy 	563
296912	Overall	609
296912	Strategy 	383
297030	Overall	328
297030	Strategy 	180
297562	Overall	528
297562	Strategy 	264
297978	Overall	1184
297978	Family 	289
298047	Overall	387
298047	Family 	63
298065	Overall	891
298065	Family 	189
298065	Strategy 	498
298069	Overall	535
298069	Family 	88
298102	Overall	2503
298102	Thematic	440
298371	Overall	1459
298371	Family 	346
298378	Overall	4580
298378	Strategy 	1600
298383	Overall	2064
298383	Strategy 	947
298638	Overall	2097
298638	Family 	569
298638	Party 	94
299027	Overall	3077
299027	Family 	848
299027	Party 	156
299047	Overall	907
299047	Family 	190
299169	Overall	1222
299169	Party 	58
299255	Overall	3482
299255	Thematic	583
299571	Overall	4739
299571	Family 	1261
299592	Overall	2765
299592	Family 	755
299659	Overall	804
299659	Strategy 	359
299684	Overall	1386
299684	Strategy 	701
299960	Overall	1082
299960	Strategy 	562
300001	Overall	1610
300001	Strategy 	817
300010	Overall	2467
300010	Children's 	15
300300	Overall	776
300300	Thematic	126
300322	Overall	304
300322	Strategy 	149
300327	Overall	1094
300327	Strategy 	578
300531	Overall	281
300531	Thematic	62
300531	Strategy 	177
300751	Overall	3075
300751	Strategy 	1291
300753	Overall	1602
300753	Party 	56
300877	Overall	796
300877	Family 	177
300930	Overall	3034
300930	Family 	807
300930	Strategy 	1315
300936	Overall	2729
300936	Family 	769
301255	Overall	833
301255	Strategy 	414
301716	Overall	1905
301716	Strategy 	925
301767	Overall	1175
301767	Family 	274
301767	Thematic	249
301880	Overall	492
301880	Strategy 	266
302260	Overall	1734
302260	Family 	482
302336	Overall	2265
302336	Family 	687
302336	Strategy 	1208
302388	Overall	1317
302388	Thematic	272
302723	Overall	284
302723	Thematic	36
303551	Overall	2459
303551	War 	195
303553	Overall	2047
303553	Family 	513
303672	Overall	2259
303672	Family 	628
304285	Overall	1417
304285	Family 	351
304420	Overall	352
304420	Strategy 	195
304783	Overall	418
304783	Strategy 	203
305096	Overall	3645
305096	Strategy 	1415
305682	Overall	1629
305682	Family 	402
305761	Overall	3091
305761	Family 	833
306040	Overall	723
306040	Strategy 	366
306735	Overall	207
306735	Strategy 	131
307002	Overall	1428
307002	Strategy 	729
307305	Overall	1247
307305	Family 	295
307305	Thematic	220
307305	Strategy 	634
308765	Overall	169
308765	Strategy 	97
309430	Overall	2230
309430	Thematic	438
309430	Strategy 	1097
309630	Overall	1223
309630	Strategy 	696
310100	Overall	2159
310100	Thematic	344
310448	Overall	1630
310448	Family 	373
310873	Overall	1315
310873	Strategy 	636
311193	Overall	421
311193	Strategy 	218
312251	Overall	1562
312251	Abstract 	59
312251	Strategy 	783
312267	Overall	1463
312267	Thematic	282
312484	Overall	32
312484	Family 	2
312484	Strategy 	30
312804	Overall	2804
312804	Strategy 	1271
313963	Overall	3348
313963	Family 	925
314040	Overall	73
314040	Thematic	10
314040	Strategy 	36
314088	Overall	1628
314088	Strategy 	809
314491	Overall	438
314491	Family 	61
314491	Strategy 	256
314503	Overall	1495
314503	Family 	366
315043	Overall	3990
315043	Party 	188
315196	Overall	6532
315196	Family 	1643
315767	Overall	1095
315767	Family 	212
315767	Strategy 	542
316080	Overall	4269
316080	Strategy 	1583
316377	Overall	525
316377	Strategy 	306
316412	Overall	1265
316412	Thematic	219
316412	Strategy 	648
316554	Overall	16
316554	Thematic	8
316554	Strategy 	12
316858	Overall	1429
316858	Strategy 	714
317231	Overall	2391
317231	Strategy 	1074
317457	Overall	1219
317457	Strategy 	623
317504	Overall	2480
317504	Abstract 	75
317985	Overall	134
317985	Strategy 	81
318084	Overall	559
318084	Strategy 	324
318182	Overall	1088
318182	Strategy 	525
318184	Overall	672
318184	Strategy 	341
318560	Overall	1316
318560	Strategy 	644
318977	Overall	215
318977	Family 	32
318983	Overall	1290
318983	Strategy 	625
319793	Overall	3346
319793	Family 	963
319966	Overall	469
319966	Strategy 	258
321277	Overall	2434
321277	Strategy 	1085
323612	Overall	1148
323612	Strategy 	570
324856	Overall	97
324856	Family 	6
325348	Overall	4298
325348	War 	330
325635	Overall	1320
325635	Strategy 	673
325698	Overall	2094
325698	Family 	542
326494	Overall	1193
326494	Family 	269
326494	Thematic	206
327831	Overall	4302
327831	Family 	1136
328479	Overall	2934
328479	Family 	793
328871	Overall	248
328871	Strategy 	158
329082	Overall	576
329082	Thematic	99
329082	Strategy 	302
329450	Overall	3580
329450	Strategy 	1429
329465	Overall	845
329465	Strategy 	519
329839	Overall	1153
329839	Party 	27
329845	Overall	2788
329845	Family 	748
329845	Party 	106
330036	Overall	3375
330036	Family 	899
330036	Abstract 	81
330038	Overall	2116
330038	Family 	521
332800	Overall	871
332800	Customizable	5
332800	Strategy 	426
335609	Overall	2388
335609	Family 	645
335764	Overall	4115
335764	Strategy 	1580
336794	Overall	1483
336794	Thematic	305
338760	Overall	2166
338760	Strategy 	966
338834	Overall	1251
338834	Family 	262
338957	Overall	5590
338957	War 	1340
338957	Strategy 	1753
339789	Overall	1494
339789	Thematic	276
340466	Overall	995
340466	Thematic	157
341169	Overall	541
341169	Strategy 	240
342848	Overall	1891
342848	Thematic	331
342942	Overall	93
342942	Strategy 	43
343905	Overall	1099
343905	Strategy 	530
344258	Overall	4096
344258	Abstract 	131
346703	Overall	1202
346703	Family 	292
346965	Overall	4014
346965	Abstract 	115
